Workbook

Sheet Aylık Rapor
B2: ="Opera " & TEXT('Günlük Rapor'!$A$3,"aaaa")&"_"&YEAR('Günlük Rapor'!$A$3)&" Portföy Analizi (1 - "&DAY(TODAY()-1)&" Haziran)"
B5: ='Opera Aylık Analiz'!G2 | D5: ='Opera Aylık Analiz'!F2 | F5: ='Opera Aylık Analiz'!AE2 | H5: ='Opera Aylık Analiz'!C2 | J5: ='Opera Aylık Analiz'!D2 | M5: ='Opera Aylık Analiz'!E2 | O5: ='Opera Aylık Analiz'!AH2
B6: ='Opera Aylık Analiz'!G3 | D6: ='Opera Aylık Analiz'!F3 | F6: ='Opera Aylık Analiz'!AE3 | H6: ='Opera Aylık Analiz'!C3 | J6: ='Opera Aylık Analiz'!D3 | L6: ='Opera Aylık Analiz'!E3 | O6: ='Opera Aylık Analiz'!AH3
B11: GİP Öncesi
B14: ='Opera Aylık Analiz'!M2 | D14: ='Opera Aylık Analiz'!S2 | F14: ='Opera Aylık Analiz'!U2 | H14: ='Opera Aylık Analiz'!V2 | J14: ='Opera Aylık Analiz'!W2
B15: ='Opera Aylık Analiz'!M3 | D15: ='Opera Aylık Analiz'!S3 | F15: ='Opera Aylık Analiz'!U3 | H15: ='Opera Aylık Analiz'!V3 | J15: ='Opera Aylık Analiz'!W3
B21: GİP Sonrası
B24: ='Opera Aylık Analiz'!Y2 | D24: ='Opera Aylık Analiz'!AG2 | F24: ='Opera Aylık Analiz'!AI2 | H24: ='Opera Aylık Analiz'!AJ2 | J24: ='Opera Aylık Analiz'!AK2
B25: ='Opera Aylık Analiz'!Y3 | D25: ='Opera Aylık Analiz'!AG3 | F25: ='Opera Aylık Analiz'!AI3 | H25: ='Opera Aylık Analiz'!AJ3 | J25: ='Opera Aylık Analiz'!AK3
B31: GİP Sonrası Fayda
B34: ='Opera Aylık Analiz'!AM2 | D34: ='Opera Aylık Analiz'!AN2 | F34: ='Opera Aylık Analiz'!AO2 | H34: ='Opera Aylık Analiz'!AP2
B35: ='Opera Aylık Analiz'!AM3 | D35: ='Opera Aylık Analiz'!AN3 | F35: ='Opera Aylık Analiz'!AO3 | H35: ='Opera Aylık Analiz'!AP3
B39: GES Üretim - Tutar
B42: GES Üretim (MWh) | D42: TUTAR (TL) | F42: TUTAR (USD)
B43: ='GES Üretim'!T3 | D43: ='GES Üretim'!O33 | F43: ='GES Üretim'!P33

Sheet Günlük Rapor
F1: GİP Öncesi | K1: GİP Sonrası
A2: Tarih | B2: UEVM(MWh) | C2: PTF (TL/MWh) | D2: SMF (TL/MWh) | E2: PTF (USD/MWh) | F2: İlk KUPST(TL) | G2: Toplam Maliyet(TL) | H2: Birim Maliyet(TL/MWh) | I2: Birim Maliyet(%) | J2: Dengesizlik Oranı (%) | K2: Son KUPST(TL) | L2: Toplam Maliyet(TL) | M2: Birim Maliyet(TL/MWh) | N2: Birim Maliyet(%) | O2: Dengesizlik Oranı (%) | P2: İdeal Tutar(TL) | Q2: Net Kazanılan Tutar(TL) | R2: KUPST Fayda(TL) | S2: GİP Sonrası KUPST İyileştirme Oranı(%) | T2: GİP Sonrası Toplam Fayda(TL) | U2: GİP Sonrası İyileştirme Oranı(%)
A3: 46204 | B3: ='Opera Günlük Analiz'!G3 | C3: ='Opera Günlük Analiz'!C3 | D3: ='Opera Günlük Analiz'!D3 | E3: ='Opera Günlük Analiz'!E3 | F3: ='Opera Günlük Analiz'!M3 | G3: ='Opera Günlük Analiz'!S3 | H3: ='Opera Günlük Analiz'!U3 | I3: ='Opera Günlük Analiz'!V3 | J3: ='Opera Günlük Analiz'!W3 | K3: ='Opera Günlük Analiz'!Y3 | L3: ='Opera Günlük Analiz'!AG3 | M3: ='Opera Günlük Analiz'!AI3 | N3: ='Opera Günlük Analiz'!AJ3 | O3: ='Opera Günlük Analiz'!AK3 | P3: ='Opera Günlük Analiz'!F3 | Q3: ='Opera Günlük Analiz'!AE3 | R3: =F3-K3 | S3: =IFERROR(R3/F3,0) | T3: =G3-L3 | U3: =IFERROR(T3/G3,0)
A4: =A3+1 | B4: ='Opera Günlük Analiz'!G4 | C4: ='Opera Günlük Analiz'!C4 | D4: ='Opera Günlük Analiz'!D4 | E4: ='Opera Günlük Analiz'!E4 | F4: ='Opera Günlük Analiz'!M4 | G4: ='Opera Günlük Analiz'!S4 | H4: ='Opera Günlük Analiz'!U4 | I4: ='Opera Günlük Analiz'!V4 | J4: ='Opera Günlük Analiz'!W4 | K4: ='Opera Günlük Analiz'!Y4 | L4: ='Opera Günlük Analiz'!AG4 | M4: ='Opera Günlük Analiz'!AI4 | N4: ='Opera Günlük Analiz'!AJ4 | O4: ='Opera Günlük Analiz'!AK4 | P4: ='Opera Günlük Analiz'!F4 | Q4: ='Opera Günlük Analiz'!AE4 | R4: =F4-K4 | S4: =IFERROR(R4/F4,0) | T4: =G4-L4 | U4: =IFERROR(T4/G4,0)
A5: =A4+1 | B5: ='Opera Günlük Analiz'!G5 | C5: ='Opera Günlük Analiz'!C5 | D5: ='Opera Günlük Analiz'!D5 | E5: ='Opera Günlük Analiz'!E5 | F5: ='Opera Günlük Analiz'!M5 | G5: ='Opera Günlük Analiz'!S5 | H5: ='Opera Günlük Analiz'!U5 | I5: ='Opera Günlük Analiz'!V5 | J5: ='Opera Günlük Analiz'!W5 | K5: ='Opera Günlük Analiz'!Y5 | L5: ='Opera Günlük Analiz'!AG5 | M5: ='Opera Günlük Analiz'!AI5 | N5: ='Opera Günlük Analiz'!AJ5 | O5: ='Opera Günlük Analiz'!AK5 | P5: ='Opera Günlük Analiz'!F5 | Q5: ='Opera Günlük Analiz'!AE5 | R5: =F5-K5 | S5: =IFERROR(R5/F5,0) | T5: =G5-L5 | U5: =IFERROR(T5/G5,0)
A6: =A5+1 | B6: ='Opera Günlük Analiz'!G6 | C6: ='Opera Günlük Analiz'!C6 | D6: ='Opera Günlük Analiz'!D6 | E6: ='Opera Günlük Analiz'!E6 | F6: ='Opera Günlük Analiz'!M6 | G6: ='Opera Günlük Analiz'!S6 | H6: ='Opera Günlük Analiz'!U6 | I6: ='Opera Günlük Analiz'!V6 | J6: ='Opera Günlük Analiz'!W6 | K6: ='Opera Günlük Analiz'!Y6 | L6: ='Opera Günlük Analiz'!AG6 | M6: ='Opera Günlük Analiz'!AI6 | N6: ='Opera Günlük Analiz'!AJ6 | O6: ='Opera Günlük Analiz'!AK6 | P6: ='Opera Günlük Analiz'!F6 | Q6: ='Opera Günlük Analiz'!AE6 | R6: =F6-K6 | S6: =IFERROR(R6/F6,0) | T6: =G6-L6 | U6: =IFERROR(T6/G6,0)
A7: =A6+1 | B7: ='Opera Günlük Analiz'!G7 | C7: ='Opera Günlük Analiz'!C7 | D7: ='Opera Günlük Analiz'!D7 | E7: ='Opera Günlük Analiz'!E7 | F7: ='Opera Günlük Analiz'!M7 | G7: ='Opera Günlük Analiz'!S7 | H7: ='Opera Günlük Analiz'!U7 | I7: ='Opera Günlük Analiz'!V7 | J7: ='Opera Günlük Analiz'!W7 | K7: ='Opera Günlük Analiz'!Y7 | L7: ='Opera Günlük Analiz'!AG7 | M7: ='Opera Günlük Analiz'!AI7 | N7: ='Opera Günlük Analiz'!AJ7 | O7: ='Opera Günlük Analiz'!AK7 | P7: ='Opera Günlük Analiz'!F7 | Q7: ='Opera Günlük Analiz'!AE7 | R7: =F7-K7 | S7: =IFERROR(R7/F7,0) | T7: =G7-L7 | U7: =IFERROR(T7/G7,0)
A8: =A7+1 | B8: ='Opera Günlük Analiz'!G8 | C8: ='Opera Günlük Analiz'!C8 | D8: ='Opera Günlük Analiz'!D8 | E8: ='Opera Günlük Analiz'!E8 | F8: ='Opera Günlük Analiz'!M8 | G8: ='Opera Günlük Analiz'!S8 | H8: ='Opera Günlük Analiz'!U8 | I8: ='Opera Günlük Analiz'!V8 | J8: ='Opera Günlük Analiz'!W8 | K8: ='Opera Günlük Analiz'!Y8 | L8: ='Opera Günlük Analiz'!AG8 | M8: ='Opera Günlük Analiz'!AI8 | N8: ='Opera Günlük Analiz'!AJ8 | O8: ='Opera Günlük Analiz'!AK8 | P8: ='Opera Günlük Analiz'!F8 | Q8: ='Opera Günlük Analiz'!AE8 | R8: =F8-K8 | S8: =IFERROR(R8/F8,0) | T8: =G8-L8 | U8: =IFERROR(T8/G8,0)
A9: =A8+1 | B9: ='Opera Günlük Analiz'!G9 | C9: ='Opera Günlük Analiz'!C9 | D9: ='Opera Günlük Analiz'!D9 | E9: ='Opera Günlük Analiz'!E9 | F9: ='Opera Günlük Analiz'!M9 | G9: ='Opera Günlük Analiz'!S9 | H9: ='Opera Günlük Analiz'!U9 | I9: ='Opera Günlük Analiz'!V9 | J9: ='Opera Günlük Analiz'!W9 | K9: ='Opera Günlük Analiz'!Y9 | L9: ='Opera Günlük Analiz'!AG9 | M9: ='Opera Günlük Analiz'!AI9 | N9: ='Opera Günlük Analiz'!AJ9 | O9: ='Opera Günlük Analiz'!AK9 | P9: ='Opera Günlük Analiz'!F9 | Q9: ='Opera Günlük Analiz'!AE9 | R9: =F9-K9 | S9: =IFERROR(R9/F9,0) | T9: =G9-L9 | U9: =IFERROR(T9/G9,0)
A10: =A9+1 | B10: ='Opera Günlük Analiz'!G10 | C10: ='Opera Günlük Analiz'!C10 | D10: ='Opera Günlük Analiz'!D10 | E10: ='Opera Günlük Analiz'!E10 | F10: ='Opera Günlük Analiz'!M10 | G10: ='Opera Günlük Analiz'!S10 | H10: ='Opera Günlük Analiz'!U10 | I10: ='Opera Günlük Analiz'!V10 | J10: ='Opera Günlük Analiz'!W10 | K10: ='Opera Günlük Analiz'!Y10 | L10: ='Opera Günlük Analiz'!AG10 | M10: ='Opera Günlük Analiz'!AI10 | N10: ='Opera Günlük Analiz'!AJ10 | O10: ='Opera Günlük Analiz'!AK10 | P10: ='Opera Günlük Analiz'!F10 | Q10: ='Opera Günlük Analiz'!AE10 | R10: =F10-K10 | S10: =IFERROR(R10/F10,0) | T10: =G10-L10 | U10: =IFERROR(T10/G10,0)
A11: =A10+1 | B11: ='Opera Günlük Analiz'!G11 | C11: ='Opera Günlük Analiz'!C11 | D11: ='Opera Günlük Analiz'!D11 | E11: ='Opera Günlük Analiz'!E11 | F11: ='Opera Günlük Analiz'!M11 | G11: ='Opera Günlük Analiz'!S11 | H11: ='Opera Günlük Analiz'!U11 | I11: ='Opera Günlük Analiz'!V11 | J11: ='Opera Günlük Analiz'!W11 | K11: ='Opera Günlük Analiz'!Y11 | L11: ='Opera Günlük Analiz'!AG11 | M11: ='Opera Günlük Analiz'!AI11 | N11: ='Opera Günlük Analiz'!AJ11 | O11: ='Opera Günlük Analiz'!AK11 | P11: ='Opera Günlük Analiz'!F11 | Q11: ='Opera Günlük Analiz'!AE11 | R11: =F11-K11 | S11: =IFERROR(R11/F11,0) | T11: =G11-L11 | U11: =IFERROR(T11/G11,0)
A12: =A11+1 | B12: ='Opera Günlük Analiz'!G12 | C12: ='Opera Günlük Analiz'!C12 | D12: ='Opera Günlük Analiz'!D12 | E12: ='Opera Günlük Analiz'!E12 | F12: ='Opera Günlük Analiz'!M12 | G12: ='Opera Günlük Analiz'!S12 | H12: ='Opera Günlük Analiz'!U12 | I12: ='Opera Günlük Analiz'!V12 | J12: ='Opera Günlük Analiz'!W12 | K12: ='Opera Günlük Analiz'!Y12 | L12: ='Opera Günlük Analiz'!AG12 | M12: ='Opera Günlük Analiz'!AI12 | N12: ='Opera Günlük Analiz'!AJ12 | O12: ='Opera Günlük Analiz'!AK12 | P12: ='Opera Günlük Analiz'!F12 | Q12: ='Opera Günlük Analiz'!AE12 | R12: =F12-K12 | S12: =IFERROR(R12/F12,0) | T12: =G12-L12 | U12: =IFERROR(T12/G12,0)
A13: =A12+1 | B13: ='Opera Günlük Analiz'!G13 | C13: ='Opera Günlük Analiz'!C13 | D13: ='Opera Günlük Analiz'!D13 | E13: ='Opera Günlük Analiz'!E13 | F13: ='Opera Günlük Analiz'!M13 | G13: ='Opera Günlük Analiz'!S13 | H13: ='Opera Günlük Analiz'!U13 | I13: ='Opera Günlük Analiz'!V13 | J13: ='Opera Günlük Analiz'!W13 | K13: ='Opera Günlük Analiz'!Y13 | L13: ='Opera Günlük Analiz'!AG13 | M13: ='Opera Günlük Analiz'!AI13 | N13: ='Opera Günlük Analiz'!AJ13 | O13: ='Opera Günlük Analiz'!AK13 | P13: ='Opera Günlük Analiz'!F13 | Q13: ='Opera Günlük Analiz'!AE13 | R13: =F13-K13 | S13: =IFERROR(R13/F13,0) | T13: =G13-L13 | U13: =IFERROR(T13/G13,0)
A14: =A13+1 | B14: ='Opera Günlük Analiz'!G14 | C14: ='Opera Günlük Analiz'!C14 | D14: ='Opera Günlük Analiz'!D14 | E14: ='Opera Günlük Analiz'!E14 | F14: ='Opera Günlük Analiz'!M14 | G14: ='Opera Günlük Analiz'!S14 | H14: ='Opera Günlük Analiz'!U14 | I14: ='Opera Günlük Analiz'!V14 | J14: ='Opera Günlük Analiz'!W14 | K14: ='Opera Günlük Analiz'!Y14 | L14: ='Opera Günlük Analiz'!AG14 | M14: ='Opera Günlük Analiz'!AI14 | N14: ='Opera Günlük Analiz'!AJ14 | O14: ='Opera Günlük Analiz'!AK14 | P14: ='Opera Günlük Analiz'!F14 | Q14: ='Opera Günlük Analiz'!AE14 | R14: =F14-K14 | S14: =IFERROR(R14/F14,0) | T14: =G14-L14 | U14: =IFERROR(T14/G14,0)
A15: =A14+1 | B15: ='Opera Günlük Analiz'!G15 | C15: ='Opera Günlük Analiz'!C15 | D15: ='Opera Günlük Analiz'!D15 | E15: ='Opera Günlük Analiz'!E15 | F15: ='Opera Günlük Analiz'!M15 | G15: ='Opera Günlük Analiz'!S15 | H15: ='Opera Günlük Analiz'!U15 | I15: ='Opera Günlük Analiz'!V15 | J15: ='Opera Günlük Analiz'!W15 | K15: ='Opera Günlük Analiz'!Y15 | L15: ='Opera Günlük Analiz'!AG15 | M15: ='Opera Günlük Analiz'!AI15 | N15: ='Opera Günlük Analiz'!AJ15 | O15: ='Opera Günlük Analiz'!AK15 | P15: ='Opera Günlük Analiz'!F15 | Q15: ='Opera Günlük Analiz'!AE15 | R15: =F15-K15 | S15: =IFERROR(R15/F15,0) | T15: =G15-L15 | U15: =IFERROR(T15/G15,0)
... A33: =A32+1 | B33: ='Opera Günlük Analiz'!G33 | C33: ='Opera Günlük Analiz'!C33 | D33: ='Opera Günlük Analiz'!D33 | E33: ='Opera Günlük Analiz'!E33 | F33: ='Opera Günlük Analiz'!M33 | G33: ='Opera Günlük Analiz'!S33 | H33: ='Opera Günlük Analiz'!U33 | I33: ='Opera Günlük Analiz'!V33 | J33: ='Opera Günlük Analiz'!W33 | K33: ='Opera Günlük Analiz'!Y33 | L33: ='Opera Günlük Analiz'!AG33 | M33: ='Opera Günlük Analiz'!AI33 | N33: ='Opera Günlük Analiz'!AJ33 | O33: ='Opera Günlük Analiz'!AK33 | P33: ='Opera Günlük Analiz'!F33 | Q33: ='Opera Günlük Analiz'!AE33 | R33: =F33-K33 | S33: =IFERROR(R33/F33,0) | T33: =G33-L33 | U33: =IFERROR(T33/G33,0)
A34: Toplam | B34: ='Opera Aylık Analiz'!$G$3 | C34: ='Opera Aylık Analiz'!$C$3 | D34: ='Opera Aylık Analiz'!$D$3 | E34: ='Opera Aylık Analiz'!$E$3 | F34: ='Opera Aylık Analiz'!$M$3 | G34: ='Opera Aylık Analiz'!$S$3 | H34: ='Opera Aylık Analiz'!$U$3 | I34: ='Opera Aylık Analiz'!$V$3 | J34: ='Opera Aylık Analiz'!$W$3 | K34: ='Opera Aylık Analiz'!$Y$3 | L34: ='Opera Aylık Analiz'!$AG$3 | M34: ='Opera Aylık Analiz'!$AI$3 | N34: ='Opera Aylık Analiz'!$AJ$3 | O34: ='Opera Aylık Analiz'!$AK$3 | P34: ='Opera Aylık Analiz'!$F$3 | Q34: ='Opera Aylık Analiz'!$AE$3 | R34: ='Opera Aylık Analiz'!$AM$3 | S34: ='Opera Aylık Analiz'!$AN$3 | T34: ='Opera Aylık Analiz'!$AO$3 | U34: ='Opera Aylık Analiz'!$AP$3
F38: GİP Öncesi | K38: GİP Sonrası
A39: Dönem | B39: UEVM(MWh) | C39: PTF (TL/MWh) | D39: SMF (TL/MWh) | E39: PTF (USD/MWh) | F39: İlk KUPST(TL) | G39: Toplam Maliyet(TL) | H39: Birim Maliyet(TL/MWh) | I39: Birim Maliyet(%) | J39: Dengesizlik Oranı (%) | K39: Son KUPST(TL) | L39: Toplam Maliyet(TL) | M39: Birim Maliyet(TL/MWh) | N39: Birim Maliyet(%) | O39: Dengesizlik Oranı (%) | Q39: Net Kazanılan Tutar(TL) | R39: KUPST Fayda(TL) | S39: GİP Sonrası KUPST İyileştirme Oranı(%) | T39: GİP Sonrası Toplam Fayda(TL) | U39: GİP Sonrası İyileştirme Oranı(%)
A40: 46023 | B40: 4729.76 | C40: 2894.9207 | D40: 2760.6393 | E40: 67.200538 | F40: 144921.45 | G40: 557801.23 | H40: 117.93436 | I40: 0.040295019 | J40: 0.23785139 | K40: 36768.622 | L40: 157309.38 | M40: 33.259484 | N40: 0.011363877 | O40: 0.038027299 | P40: 13842932 | Q40: 13685623 | R40: 108152.83 | S40: 0.74628586 | T40: 400491.85 | U40: 0.71798309
A41: 46054 | B41: 18430.5 | C41: 2078.195 | D41: 1865.8934 | E41: 47.72869 | F41: 426549.2 | G41: 3110222.7 | H41: 168.75411 | I41: 0.074620424 | J41: 0.229296 | K41: 85820.793 | L41: 873077.26 | M41: 47.371328 | N41: 0.020946859 | O41: 0.036545943 | P41: 41680582 | Q41: 40807505 | R41: 340728.41 | S41: 0.79880213 | T41: 2237145.4 | U41: 0.71928786
A42: 46082 | B42: 15270.75 | C42: 1620.3243 | D42: 1687.6174 | E42: 36.808898 | F42: 290732.74 | G42: 1671137.1 | H42: 109.43386 | I42: 0.06288736 | J42: 0.22710279 | K42: 33224.971 | L42: 269969.65 | M42: 17.678873 | N42: 0.010159357 | O42: 0.018416253 | P42: 26573498 | Q42: 26303528 | R42: 257507.77 | S42: 0.88571989 | T42: 1401167.5 | U42: 0.83845153
A43: 46113 | B43: 16987.25 | C43: 921.05657 | D43: 1185.861 | E43: 20.655069 | F43: 214516.66 | G43: 1250898.6 | H43: 73.637501 | I43: 0.062474492 | J43: 0.16042444 | K43: 41503.683 | L43: 307869.48 | M43: 18.123562 | N43: 0.015376137 | O43: 0.024801542 | P43: 20022550 | Q43: 19714681 | R43: 173012.98 | S43: 0.80652466 | T43: 943029.16 | U43: 0.75388135
A44: 46143 | B44: 13232.71 | C44: 590.89999 | D44: 875.2954 | E44: 13.047863 | F44: 299608.6 | G44: 2123120.9 | H44: 160.44491 | I44: 0.12826486 | J44: 0.26845824 | K44: 58086.092 | L44: 228774.59 | M44: 17.288567 | N44: 0.01382104 | O44: 0.036597946 | P44: 16552632 | Q44: 16323857 | R44: 241522.51 | S44: 0.80612675 | T44: 1894346.3 | U44: 0.89224609
A45: 46174 | B45: 20294 | C45: 1240 | D45: 1761 | E45: 26.89 | F45: 223160 | G45: 1395216 | H45: 68.75 | I45: 0.0424 | J45: 0.1451 | K45: 22997 | L45: -267679 | M45: -13.19 | N45: -0.0081 | O45: 0.0165 | P45: 32923516 | Q45: 33191195 | R45: 200163 | S45: 0.9 | T45: 1662894 | U45: 1.19
A46: 46204 | B46: =B34 | C46: =C34 | D46: =D34 | E46: =E34 | F46: =F34 | G46: =G34 | H46: =H34 | I46: =I34 | ... U46: =U34

Sheet GES Üretim
A1: Tarih | B1: Saat | C1: GÜN | D1: AY | E1: Üretim Miktarı | F1: PTF (TL/MWh) | G1: PTF (USD/MWh) | H1: Tutar (TL) | I1: Tutar (USD) | M1: Tarih | N1: UEVM(MWh) | O1: Tutar (TL) | P1: Tutar (USD)
A2: =[1]FİYATLAR!A2 | B2: =[1]FİYATLAR!B2 | C2: =INT(A2) | D2: =MONTH(A2) | E2: 0 | F2: =[1]FİYATLAR!C2 | G2: =[1]FİYATLAR!D2 | H2: =E2*F2 | I2: =E2*G2 | M2: 46204 | N2: =SUMIF(C:C,M2,E:E) | O2: =SUMIF(C:C,M2,H:H) | P2: =SUMIF(C:C,M2,I:I) | T2: Üretim Miktarı | U2: Tutar (TL) | V2: Tutar (USD)
A3: =[1]FİYATLAR!A3 | B3: =[1]FİYATLAR!B3 | C3: =INT(A3) | D3: =MONTH(A3) | E3: 0 | F3: =[1]FİYATLAR!C3 | G3: =[1]FİYATLAR!D3 | H3: =E3*F3 | I3: =E3*G3 | M3: =M2+1 | N3: =SUMIF(C:C,M3,E:E) | O3: =SUMIF(C:C,M3,H:H) | P3: =SUMIF(C:C,M3,I:I) | S3: GES | T3: ='GES Üretim'!N33 | U3: ='GES Üretim'!O33 | V3: ='GES Üretim'!P33
A4: =[1]FİYATLAR!A4 | B4: =[1]FİYATLAR!B4 | C4: =INT(A4) | D4: =MONTH(A4) | E4: 0 | F4: =[1]FİYATLAR!C4 | G4: =[1]FİYATLAR!D4 | H4: =E4*F4 | I4: =E4*G4 | M4: =M3+1 | N4: =SUMIF(C:C,M4,E:E) | O4: =SUMIF(C:C,M4,H:H) | P4: =SUMIF(C:C,M4,I:I)
A5: =[1]FİYATLAR!A5 | B5: =[1]FİYATLAR!B5 | C5: =INT(A5) | D5: =MONTH(A5) | E5: 0 | F5: =[1]FİYATLAR!C5 | G5: =[1]FİYATLAR!D5 | H5: =E5*F5 | I5: =E5*G5 | M5: =M4+1 | N5: =SUMIF(C:C,M5,E:E) | O5: =SUMIF(C:C,M5,H:H) | P5: =SUMIF(C:C,M5,I:I)
A6: =[1]FİYATLAR!A6 | B6: =[1]FİYATLAR!B6 | C6: =INT(A6) | D6: =MONTH(A6) | E6: 0 | F6: =[1]FİYATLAR!C6 | G6: =[1]FİYATLAR!D6 | H6: =E6*F6 | I6: =E6*G6 | M6: =M5+1 | N6: =SUMIF(C:C,M6,E:E) | O6: =SUMIF(C:C,M6,H:H) | P6: =SUMIF(C:C,M6,I:I)
A7: =[1]FİYATLAR!A7 | B7: =[1]FİYATLAR!B7 | C7: =INT(A7) | D7: =MONTH(A7) | E7: 0 | F7: =[1]FİYATLAR!C7 | G7: =[1]FİYATLAR!D7 | H7: =E7*F7 | I7: =E7*G7 | M7: =M6+1 | N7: =SUMIF(C:C,M7,E:E) | O7: =SUMIF(C:C,M7,H:H) | P7: =SUMIF(C:C,M7,I:I)
A8: =[1]FİYATLAR!A8 | B8: =[1]FİYATLAR!B8 | C8: =INT(A8) | D8: =MONTH(A8) | E8: 0.06 | F8: =[1]FİYATLAR!C8 | G8: =[1]FİYATLAR!D8 | H8: =E8*F8 | I8: =E8*G8 | M8: =M7+1 | N8: =SUMIF(C:C,M8,E:E) | O8: =SUMIF(C:C,M8,H:H) | P8: =SUMIF(C:C,M8,I:I)
A9: =[1]FİYATLAR!A9 | B9: =[1]FİYATLAR!B9 | C9: =INT(A9) | D9: =MONTH(A9) | E9: 0.42 | F9: =[1]FİYATLAR!C9 | G9: =[1]FİYATLAR!D9 | H9: =E9*F9 | I9: =E9*G9 | M9: =M8+1 | N9: =SUMIF(C:C,M9,E:E) | O9: =SUMIF(C:C,M9,H:H) | P9: =SUMIF(C:C,M9,I:I)
A10: =[1]FİYATLAR!A10 | B10: =[1]FİYATLAR!B10 | C10: =INT(A10) | D10: =MONTH(A10) | E10: 0.87 | F10: =[1]FİYATLAR!C10 | G10: =[1]FİYATLAR!D10 | H10: =E10*F10 | I10: =E10*G10 | M10: =M9+1 | N10: =SUMIF(C:C,M10,E:E) | O10: =SUMIF(C:C,M10,H:H) | P10: =SUMIF(C:C,M10,I:I)
A11: =[1]FİYATLAR!A11 | B11: =[1]FİYATLAR!B11 | C11: =INT(A11) | D11: =MONTH(A11) | E11: 1.26 | F11: =[1]FİYATLAR!C11 | G11: =[1]FİYATLAR!D11 | H11: =E11*F11 | I11: =E11*G11 | M11: =M10+1 | N11: =SUMIF(C:C,M11,E:E) | O11: =SUMIF(C:C,M11,H:H) | P11: =SUMIF(C:C,M11,I:I)
A12: =[1]FİYATLAR!A12 | B12: =[1]FİYATLAR!B12 | C12: =INT(A12) | D12: =MONTH(A12) | E12: 1.56 | F12: =[1]FİYATLAR!C12 | G12: =[1]FİYATLAR!D12 | H12: =E12*F12 | I12: =E12*G12 | M12: =M11+1 | N12: =SUMIF(C:C,M12,E:E) | O12: =SUMIF(C:C,M12,H:H) | P12: =SUMIF(C:C,M12,I:I)
A13: =[1]FİYATLAR!A13 | B13: =[1]FİYATLAR!B13 | C13: =INT(A13) | D13: =MONTH(A13) | E13: 1.74 | F13: =[1]FİYATLAR!C13 | G13: =[1]FİYATLAR!D13 | H13: =E13*F13 | I13: =E13*G13 | M13: =M12+1 | N13: =SUMIF(C:C,M13,E:E) | O13: =SUMIF(C:C,M13,H:H) | P13: =SUMIF(C:C,M13,I:I)
A14: =[1]FİYATLAR!A14 | B14: =[1]FİYATLAR!B14 | C14: =INT(A14) | D14: =MONTH(A14) | E14: 1.81 | F14: =[1]FİYATLAR!C14 | G14: =[1]FİYATLAR!D14 | H14: =E14*F14 | I14: =E14*G14 | M14: =M13+1 | N14: =SUMIF(C:C,M14,E:E) | O14: =SUMIF(C:C,M14,H:H) | P14: =SUMIF(C:C,M14,I:I)
A15: =[1]FİYATLAR!A15 | B15: =[1]FİYATLAR!B15 | C15: =INT(A15) | D15: =MONTH(A15) | E15: 1.78 | F15: =[1]FİYATLAR!C15 | G15: =[1]FİYATLAR!D15 | H15: =E15*F15 | I15: =E15*G15 | M15: =M14+1 | N15: =SUMIF(C:C,M15,E:E) | O15: =SUMIF(C:C,M15,H:H) | P15: =SUMIF(C:C,M15,I:I)
... A32: =[1]FİYATLAR!A32 | B32: =[1]FİYATLAR!B32 | C32: =INT(A32) | D32: =MONTH(A32) | E32: 0.08 | F32: =[1]FİYATLAR!C32 | G32: =[1]FİYATLAR!D32 | H32: =E32*F32 | I32: =E32*G32 | M32: =M31+1 | N32: =SUMIF(C:C,M32,E:E) | O32: =SUMIF(C:C,M32,H:H) | P32: =SUMIF(C:C,M32,I:I)
A33: =[1]FİYATLAR!A33 | B33: =[1]FİYATLAR!B33 | C33: =INT(A33) | D33: =MONTH(A33) | E33: 0.43 | F33: =[1]FİYATLAR!C33 | G33: =[1]FİYATLAR!D33 | H33: =E33*F33 | I33: =E33*G33 | M33: Toplam | N33: =SUM(N2:N32) | O33: =SUM(O2:O32) | P33: =SUM(P2:P32)
A34: =[1]FİYATLAR!A34 | B34: =[1]FİYATLAR!B34 | C34: =INT(A34) | D34: =MONTH(A34) | E34: 0.89 | F34: =[1]FİYATLAR!C34 | G34: =[1]FİYATLAR!D34 | H34: =E34*F34 | I34: =E34*G34
A35: =[1]FİYATLAR!A35 | B35: =[1]FİYATLAR!B35 | C35: =INT(A35) | D35: =MONTH(A35) | E35: 1.27 | F35: =[1]FİYATLAR!C35 | G35: =[1]FİYATLAR!D35 | H35: =E35*F35 | I35: =E35*G35
A36: =[1]FİYATLAR!A36 | B36: =[1]FİYATLAR!B36 | C36: =INT(A36) | D36: =MONTH(A36) | E36: 1.54 | F36: =[1]FİYATLAR!C36 | G36: =[1]FİYATLAR!D36 | H36: =E36*F36 | I36: =E36*G36
A37: =[1]FİYATLAR!A37 | B37: =[1]FİYATLAR!B37 | C37: =INT(A37) | D37: =MONTH(A37) | E37: 1.71 | F37: =[1]FİYATLAR!C37 | G37: =[1]FİYATLAR!D37 | H37: =E37*F37 | I37: =E37*G37
A38: =[1]FİYATLAR!A38 | B38: =[1]FİYATLAR!B38 | C38: =INT(A38) | D38: =MONTH(A38) | E38: 1.78 | F38: =[1]FİYATLAR!C38 | G38: =[1]FİYATLAR!D38 | H38: =E38*F38 | I38: =E38*G38
A39: =[1]FİYATLAR!A39 | B39: =[1]FİYATLAR!B39 | C39: =INT(A39) | D39: =MONTH(A39) | E39: 1.74 | F39: =[1]FİYATLAR!C39 | G39: =[1]FİYATLAR!D39 | H39: =E39*F39 | I39: =E39*G39
A40: =[1]FİYATLAR!A40 | B40: =[1]FİYATLAR!B40 | C40: =INT(A40) | D40: =MONTH(A40) | E40: 1.61 | F40: =[1]FİYATLAR!C40 | G40: =[1]FİYATLAR!D40 | H40: =E40*F40 | I40: =E40*G40
A41: =[1]FİYATLAR!A41 | B41: =[1]FİYATLAR!B41 | C41: =INT(A41) | D41: =MONTH(A41) | E41: 1.38 | F41: =[1]FİYATLAR!C41 | G41: =[1]FİYATLAR!D41 | H41: =E41*F41 | I41: =E41*G41
A42: =[1]FİYATLAR!A42 | B42: =[1]FİYATLAR!B42 | C42: =INT(A42) | D42: =MONTH(A42) | E42: 1.04 | F42: =[1]FİYATLAR!C42 | G42: =[1]FİYATLAR!D42 | H42: =E42*F42 | I42: =E42*G42
A43: =[1]FİYATLAR!A43 | B43: =[1]FİYATLAR!B43 | C43: =INT(A43) | D43: =MONTH(A43) | E43: 0.61 | F43: =[1]FİYATLAR!C43 | G43: =[1]FİYATLAR!D43 | H43: =E43*F43 | I43: =E43*G43
A44: =[1]FİYATLAR!A44 | B44: =[1]FİYATLAR!B44 | C44: =INT(A44) | D44: =MONTH(A44) | E44: 0.22 | F44: =[1]FİYATLAR!C44 | G44: =[1]FİYATLAR!D44 | H44: =E44*F44 | I44: =E44*G44
A45: =[1]FİYATLAR!A45 | B45: =[1]FİYATLAR!B45 | C45: =INT(A45) | D45: =MONTH(A45) | E45: 0.01 | F45: =[1]FİYATLAR!C45 | G45: =[1]FİYATLAR!D45 | H45: =E45*F45 | I45: =E45*G45
... A193: =[1]FİYATLAR!A193 | B193: =[1]FİYATLAR!B193 | C193: =INT(A193) | D193: =MONTH(A193) | E193: 0 | F193: =[1]FİYATLAR!C193 | G193: =[1]FİYATLAR!D193 | H193: =E193*F193 | I193: =E193*G193
A194: =[1]FİYATLAR!A194 | B194: =[1]FİYATLAR!B194 | C194: =INT(A194) | D194: =MONTH(A194) | F194: =[1]FİYATLAR!C194 | G194: =[1]FİYATLAR!D194 | H194: =E194*F194 | I194: =E194*G194
A195: =[1]FİYATLAR!A195 | B195: =[1]FİYATLAR!B195 | C195: =INT(A195) | D195: =MONTH(A195) | F195: =[1]FİYATLAR!C195 | G195: =[1]FİYATLAR!D195 | H195: =E195*F195 | I195: =E195*G195
A196: =[1]FİYATLAR!A196 | B196: =[1]FİYATLAR!B196 | C196: =INT(A196) | D196: =MONTH(A196) | F196: =[1]FİYATLAR!C196 | G196: =[1]FİYATLAR!D196 | H196: =E196*F196 | I196: =E196*G196
A197: =[1]FİYATLAR!A197 | B197: =[1]FİYATLAR!B197 | C197: =INT(A197) | D197: =MONTH(A197) | F197: =[1]FİYATLAR!C197 | G197: =[1]FİYATLAR!D197 | H197: =E197*F197 | I197: =E197*G197
A198: =[1]FİYATLAR!A198 | B198: =[1]FİYATLAR!B198 | C198: =INT(A198) | D198: =MONTH(A198) | F198: =[1]FİYATLAR!C198 | G198: =[1]FİYATLAR!D198 | H198: =E198*F198 | I198: =E198*G198
A199: =[1]FİYATLAR!A199 | B199: =[1]FİYATLAR!B199 | C199: =INT(A199) | D199: =MONTH(A199) | F199: =[1]FİYATLAR!C199 | G199: =[1]FİYATLAR!D199 | H199: =E199*F199 | I199: =E199*G199
A200: =[1]FİYATLAR!A200 | B200: =[1]FİYATLAR!B200 | C200: =INT(A200) | D200: =MONTH(A200) | F200: =[1]FİYATLAR!C200 | G200: =[1]FİYATLAR!D200 | H200: =E200*F200 | I200: =E200*G200
A201: =[1]FİYATLAR!A201 | B201: =[1]FİYATLAR!B201 | C201: =INT(A201) | D201: =MONTH(A201) | F201: =[1]FİYATLAR!C201 | G201: =[1]FİYATLAR!D201 | H201: =E201*F201 | I201: =E201*G201
A202: =[1]FİYATLAR!A202 | B202: =[1]FİYATLAR!B202 | C202: =INT(A202) | D202: =MONTH(A202) | F202: =[1]FİYATLAR!C202 | G202: =[1]FİYATLAR!D202 | H202: =E202*F202 | I202: =E202*G202
A203: =[1]FİYATLAR!A203 | B203: =[1]FİYATLAR!B203 | C203: =INT(A203) | D203: =MONTH(A203) | F203: =[1]FİYATLAR!C203 | G203: =[1]FİYATLAR!D203 | H203: =E203*F203 | I203: =E203*G203
A204: =[1]FİYATLAR!A204 | B204: =[1]FİYATLAR!B204 | C204: =INT(A204) | D204: =MONTH(A204) | F204: =[1]FİYATLAR!C204 | G204: =[1]FİYATLAR!D204 | H204: =E204*F204 | I204: =E204*G204
A205: =[1]FİYATLAR!A205 | B205: =[1]FİYATLAR!B205 | C205: =INT(A205) | D205: =MONTH(A205) | F205: =[1]FİYATLAR!C205 | G205: =[1]FİYATLAR!D205 | H205: =E205*F205 | I205: =E205*G205
... A744: =[1]FİYATLAR!A744 | B744: =[1]FİYATLAR!B744 | C744: =INT(A744) | D744: =MONTH(A744) | F744: =[1]FİYATLAR!C744 | G744: =[1]FİYATLAR!D744 | H744: =E744*F744 | I744: =E744*G744

Sheet Opera Aylık Analiz
M1: GİP ÖNCESİ | Y1: GİP SONRASI
B2: AY | C2: PTF (TL/MWh) | D2: SMF (TL/MWh) | E2: PTF (USD/MWh) | F2: İdeal Tutar(TL) | G2: UEVM(MWh) | H2: A.O. PTF(TL/MWh) | I2: GÖP Tahmini Üretim (MWh) | J2: GÖP Tutar(TL) | K2: İA Tutar(TL) | L2: GİP Tutar(TL) | M2: İlk KUPST(TL) | N2: Mutlak EDM(MWh) | O2: EDM(MWh) | P2: EDT(TL) | Q2: Net Kazanılan Tutar(TL) | R2: Dengesizlik Maliyeti(TL) | S2: Toplam Maliyet(TL) | T2: A.O. PTF(TL/MWh) | U2: Birim Maliyet(TL/MWh) | V2: Birim Maliyet(%) | W2: Dengesizlik Oranı (%) | X2: Dengesizlik Oranı>%10 Miktarı | Y2: Son KUPST(TL) | Z2: Mutlak EDM(MWh) | AA2: EDM(MWh) | AB2: EDT(TL) | AC2: Dengesizlik Maliyeti_Yeni | AD2: Birim Maliyeti_Yeni | AE2: Net Kazanılan Tutar(TL) | AF2: Dengesizlik Maliyeti(TL) | AG2: Toplam Maliyet(TL) | AH2: A.O. PTF(TL/MWh) | AI2: Birim Maliyet(TL/MWh) | AJ2: Birim Maliyet(%) | AK2: Dengesizlik Oranı (%) | AL2: Dengesizlik Oranı>%10 Miktarı | AM2: KUPST Fayda(TL) | AN2: GİP Sonrası KUPST İyileştirme Oranı(%) | AO2: GİP Sonrası Toplam Fayda(TL) | AP2: GİP Sonrası İyileştirme Oranı(%)
A3: 7 | B3: 46204 | C3: =AVERAGEIF('Opera Enerji Veri'!$D:$D,'Opera Aylık Analiz'!$A3,'Opera Enerji Veri'!F:F) | D3: =AVERAGEIF('Opera Enerji Veri'!$D:$D,'Opera Aylık Analiz'!$A3,'Opera Enerji Veri'!G:G) | E3: =AVERAGEIF('Opera Enerji Veri'!$D:$D,'Opera Aylık Analiz'!$A3,'Opera Enerji Veri'!H:H) | F3: =SUMIF('Opera Enerji Veri'!$D:$D, $A3,'Opera Enerji Veri'!BE:BE) | G3: =SUMIF('Opera Enerji Veri'!$D:$D, $A3,'Opera Enerji Veri'!AY:AY) | H3: =F3/G3 | I3: =SUMIF('Opera Enerji Veri'!$D:$D, $A3,'Opera Enerji Veri'!J:J) | J3: =SUMIF('Opera Enerji Veri'!$D:$D, $A3,'Opera Enerji Veri'!BF:BF) | K3: =SUMIF('Opera Enerji Veri'!$D:$D, $A3,'Opera Enerji Veri'!BG:BG) | L3: =SUMIF('Opera Enerji Veri'!$D:$D, $A3,'Opera Enerji Veri'!BH:BH) | M3: =SUMIF('Opera Enerji Veri'!$D:$D, $A3,'Opera Enerji Veri'!BB:BB) | N3: =SUMIF('Opera Enerji Veri'!$D:$D, $A3,'Opera Enerji Veri'!BJ:BJ) | O3: =SUMIF('Opera Enerji Veri'!$D:$D, $A3,'Opera Enerji Veri'!BK:BK) | P3: =SUMIF('Opera Enerji Veri'!$D:$D, $A3,'Opera Enerji Veri'!BL:BL) | Q3: =J3+K3+P3-M3 | R3: =F3-Q3-M3 | S3: =F3-Q3 | T3: =Q3/G3 | U3: =IFERROR(S3/G3,0) | V3: =IFERROR(U3/H3,0) | W3: =N3/G3 | X3: =SUMIF('Opera Enerji Veri'!$D:$D, $A3,'Opera Enerji Veri'!BU:BU) | Y3: =SUMIF('Opera Enerji Veri'!$D:$D, $A3,'Opera Enerji Veri'!BD:BD) | Z3: =SUMIF('Opera Enerji Veri'!$D:$D, $A3,'Opera Enerji Veri'!BW:BW) | AA3: =SUMIF('Opera Enerji Veri'!$D:$D, $A3,'Opera Enerji Veri'!BX:BX) | AB3: =SUMIF('Opera Enerji Veri'!$D:$D, $A3,'Opera Enerji Veri'!BY:BY) | AC3: =SUMIF('Opera Enerji Veri'!$D:$D, $A3,'Opera Enerji Veri'!CI:CI) | AD3: =AC3/G3 | AE3: =J3+K3+L3+AB3-Y3 | AF3: =F3-AE3-Y3 | AG3: =F3-AE3 | AH3: =AE3/G3 | AI3: =IF(G3=0,0,AG3/G3) | AJ3: =IFERROR(AI3/H3,0) | AK3: =Z3/G3 | AL3: =SUMIF('Opera Enerji Veri'!$D:$D, $A3,'Opera Enerji Veri'!CH:CH) | AM3: =M3-Y3 | AN3: =AM3/M3 | AO3: =S3-AG3 | AP3: =AO3/S3

Sheet Opera Günlük Analiz
M1: GİP ÖNCESİ | Y1: GİP SONRASI
B2: TARİH | C2: PTF (TL/MWh) | D2: SMF (TL/MWh) | E2: PTF (USD/MWh) | F2: İdeal Tutar(TL) | G2: UEVM(MWh) | H2: A.O. PTF(TL/MWh) | I2: GÖP Tahmini Üretim (MWh) | J2: GÖP Tutar(TL) | K2: İA Tutar(TL) | L2: GİP Tutar(TL) | M2: İlk KUPST(TL) | N2: Mutlak EDM(MWh) | O2: EDM(MWh) | P2: EDT(TL) | Q2: NET GELİR(TL) | R2: Dengesizlik Maliyeti(TL) | S2: TOPLAM MALİYET(TL) | T2: A.O. PTF(TL/MWh) | U2: Birim Maliyet(TL/MWh) | V2: Birim Maliyet(%) | W2: Dengesizlik Oranı (%) | X2: Dengesizlik Oranı>%10 Miktarı | Y2: Son KUPST(TL) | Z2: Mutlak EDM(MWh) | AA2: EDM(MWh) | AB2: EDT(TL) | AC2: Dengesizlik Maliyeti_Yeni | AD2: Birim Maliyeti_Yeni | AE2: NET GELİR(TL) | AF2: Dengesizlik Maliyeti(TL) | AG2: Toplam Maliyet(TL) | AH2: A.O. PTF(TL/MWh) | AI2: Birim Maliyet(TL/MWh) | AJ2: Birim Maliyet(%) | AK2: Dengesizlik Oranı (%) | AL2: Dengesizlik Oranı>%10 Miktarı | AM2: KUPST Fayda(TL) | AN2: GİP Sonrası KUPST İyileştirme Oranı(%) | AO2: GİP Sonrası Toplam Fayda(TL) | AP2: GİP Sonrası İyileştirme Oranı(%)
B3: 46204 | C3: =IFERROR(AVERAGEIF('Opera Enerji Veri'!$C:$C,'Opera Günlük Analiz'!$B3,'Opera Enerji Veri'!F:F),0) | D3: =IFERROR(AVERAGEIF('Opera Enerji Veri'!$C:$C,'Opera Günlük Analiz'!$B3,'Opera Enerji Veri'!G:G),0) | E3: =IFERROR(AVERAGEIF('Opera Enerji Veri'!$C:$C,'Opera Günlük Analiz'!$B3,'Opera Enerji Veri'!H:H),0) | F3: =SUMIF('Opera Enerji Veri'!$C:$C, 'Opera Günlük Analiz'!$B3,'Opera Enerji Veri'!BE:BE) | G3: =SUMIF('Opera Enerji Veri'!$C:$C, 'Opera Günlük Analiz'!$B3,'Opera Enerji Veri'!AY:AY) | H3: =IFERROR(F3/G3,0) | I3: =SUMIF('Opera Enerji Veri'!$C:$C, 'Opera Günlük Analiz'!$B3,'Opera Enerji Veri'!J:J) | J3: =SUMIF('Opera Enerji Veri'!$C:$C, 'Opera Günlük Analiz'!$B3,'Opera Enerji Veri'!BF:BF) | K3: =SUMIF('Opera Enerji Veri'!$C:$C, 'Opera Günlük Analiz'!$B3,'Opera Enerji Veri'!BG:BG) | L3: =SUMIF('Opera Enerji Veri'!$C:$C, 'Opera Günlük Analiz'!$B3,'Opera Enerji Veri'!BH:BH) | M3: =SUMIF('Opera Enerji Veri'!$C:$C, 'Opera Günlük Analiz'!$B3,'Opera Enerji Veri'!BB:BB) | N3: =SUMIF('Opera Enerji Veri'!$C:$C, 'Opera Günlük Analiz'!$B3,'Opera Enerji Veri'!BJ:BJ) | O3: =SUMIF('Opera Enerji Veri'!$C:$C, 'Opera Günlük Analiz'!$B3,'Opera Enerji Veri'!BK:BK) | P3: =SUMIF('Opera Enerji Veri'!$C:$C, 'Opera Günlük Analiz'!$B3,'Opera Enerji Veri'!BL:BL) | Q3: =J3+K3+P3-M3 | R3: =F3-Q3-M3 | S3: =M3+R3 | T3: =IFERROR(Q3/G3,0) | U3: =IF(G3=0,0,S3/G3) | V3: =IFERROR(U3/H3,0) | W3: =IFERROR(ABS(N3/G3),0) | X3: =SUMIF('Opera Enerji Veri'!$C:$C, 'Opera Günlük Analiz'!$B3,'Opera Enerji Veri'!BU:BU) | Y3: =SUMIF('Opera Enerji Veri'!$C:$C, 'Opera Günlük Analiz'!$B3,'Opera Enerji Veri'!BD:BD) | Z3: =SUMIF('Opera Enerji Veri'!$C:$C, 'Opera Günlük Analiz'!$B3,'Opera Enerji Veri'!BW:BW) | AA3: =SUMIF('Opera Enerji Veri'!$C:$C, 'Opera Günlük Analiz'!$B3,'Opera Enerji Veri'!BX:BX) | AB3: =SUMIF('Opera Enerji Veri'!$C:$C, 'Opera Günlük Analiz'!$B3,'Opera Enerji Veri'!BY:BY) | AC3: =SUMIF('Opera Enerji Veri'!$C:$C, 'Opera Günlük Analiz'!$B3,'Opera Enerji Veri'!CI:CI) | AD3: =IFERROR(AC3/G3,0) | AE3: =J3+K3+L3+AB3-Y3 | AF3: =F3-AE3-Y3 | AG3: =Y3+AF3 | AH3: =IFERROR(AE3/G3,0) | AI3: =IF(G3=0,0,AG3/G3) | AJ3: =IFERROR(AI3/H3,0) | AK3: =IFERROR(ABS(Z3/G3),0) | AL3: =SUMIF('Opera Enerji Veri'!$C:$C, 'Opera Günlük Analiz'!$B3,'Opera Enerji Veri'!CH:CH) | AM3: =M3-Y3 | AN3: =IFERROR(AM3/M3,0) | AO3: =S3-AG3 | AP3: =IFERROR(AO3/S3,0)
B4: =B3+1 | C4: =IFERROR(AVERAGEIF('Opera Enerji Veri'!C:C,'Opera Günlük Analiz'!B4,'Opera Enerji Veri'!F:F),0) | D4: =IFERROR(AVERAGEIF('Opera Enerji Veri'!$C:$C,'Opera Günlük Analiz'!$B4,'Opera Enerji Veri'!G:G),0) | E4: =IFERROR(AVERAGEIF('Opera Enerji Veri'!$C:$C,'Opera Günlük Analiz'!$B4,'Opera Enerji Veri'!H:H),0) | F4: =SUMIF('Opera Enerji Veri'!$C:$C, 'Opera Günlük Analiz'!$B4,'Opera Enerji Veri'!BE:BE) | G4: =SUMIF('Opera Enerji Veri'!$C:$C, 'Opera Günlük Analiz'!$B4,'Opera Enerji Veri'!AY:AY) | H4: =IFERROR(F4/G4,0) | I4: =SUMIF('Opera Enerji Veri'!$C:$C, 'Opera Günlük Analiz'!$B4,'Opera Enerji Veri'!J:J) | J4: =SUMIF('Opera Enerji Veri'!$C:$C, 'Opera Günlük Analiz'!$B4,'Opera Enerji Veri'!BF:BF) | K4: =SUMIF('Opera Enerji Veri'!$C:$C, 'Opera Günlük Analiz'!$B4,'Opera Enerji Veri'!BG:BG) | L4: =SUMIF('Opera Enerji Veri'!$C:$C, 'Opera Günlük Analiz'!$B4,'Opera Enerji Veri'!BH:BH) | M4: =SUMIF('Opera Enerji Veri'!$C:$C, 'Opera Günlük Analiz'!$B4,'Opera Enerji Veri'!BB:BB) | N4: =SUMIF('Opera Enerji Veri'!$C:$C, 'Opera Günlük Analiz'!$B4,'Opera Enerji Veri'!BJ:BJ) | O4: =SUMIF('Opera Enerji Veri'!$C:$C, 'Opera Günlük Analiz'!$B4,'Opera Enerji Veri'!BK:BK) | P4: =SUMIF('Opera Enerji Veri'!$C:$C, 'Opera Günlük Analiz'!$B4,'Opera Enerji Veri'!BL:BL) | Q4: =J4+K4+P4-M4 | R4: =F4-Q4-M4 | S4: =M4+R4 | T4: =IFERROR(Q4/G4,0) | U4: =IF(G4=0,0,S4/G4) | V4: =IFERROR(U4/H4,0) | W4: =IFERROR(ABS(N4/G4),0) | X4: =SUMIF('Opera Enerji Veri'!$C:$C, 'Opera Günlük Analiz'!$B4,'Opera Enerji Veri'!BU:BU) | Y4: =SUMIF('Opera Enerji Veri'!$C:$C, 'Opera Günlük Analiz'!$B4,'Opera Enerji Veri'!BD:BD) | Z4: =SUMIF('Opera Enerji Veri'!$C:$C, 'Opera Günlük Analiz'!$B4,'Opera Enerji Veri'!BW:BW) | AA4: =SUMIF('Opera Enerji Veri'!$C:$C, 'Opera Günlük Analiz'!$B4,'Opera Enerji Veri'!BX:BX) | AB4: =SUMIF('Opera Enerji Veri'!$C:$C, 'Opera Günlük Analiz'!$B4,'Opera Enerji Veri'!BY:BY) | AC4: =SUMIF('Opera Enerji Veri'!$C:$C, 'Opera Günlük Analiz'!$B4,'Opera Enerji Veri'!CI:CI) | AD4: =IFERROR(AC4/G4,0) | AE4: =J4+K4+L4+AB4-Y4 | AF4: =F4-AE4-Y4 | AG4: =Y4+AF4 | AH4: =IFERROR(AE4/G4,0) | AI4: =IF(G4=0,0,AG4/G4) | AJ4: =IFERROR(AI4/H4,0) | AK4: =IFERROR(ABS(Z4/G4),0) | AL4: =SUMIF('Opera Enerji Veri'!$C:$C, 'Opera Günlük Analiz'!$B4,'Opera Enerji Veri'!CH:CH) | AM4: =M4-Y4 | AN4: =IFERROR(AM4/M4,0) | AO4: =S4-AG4 | AP4: =IFERROR(AO4/S4,0)
B5: =B4+1 | C5: =IFERROR(AVERAGEIF('Opera Enerji Veri'!C:C,'Opera Günlük Analiz'!B5,'Opera Enerji Veri'!F:F),0) | D5: =IFERROR(AVERAGEIF('Opera Enerji Veri'!$C:$C,'Opera Günlük Analiz'!$B5,'Opera Enerji Veri'!G:G),0) | E5: =IFERROR(AVERAGEIF('Opera Enerji Veri'!$C:$C,'Opera Günlük Analiz'!$B5,'Opera Enerji Veri'!H:H),0) | F5: =SUMIF('Opera Enerji Veri'!$C:$C, 'Opera Günlük Analiz'!$B5,'Opera Enerji Veri'!BE:BE) | G5: =SUMIF('Opera Enerji Veri'!$C:$C, 'Opera Günlük Analiz'!$B5,'Opera Enerji Veri'!AY:AY) | H5: =IFERROR(F5/G5,0) | I5: =SUMIF('Opera Enerji Veri'!$C:$C, 'Opera Günlük Analiz'!$B5,'Opera Enerji Veri'!J:J) | J5: =SUMIF('Opera Enerji Veri'!$C:$C, 'Opera Günlük Analiz'!$B5,'Opera Enerji Veri'!BF:BF) | K5: =SUMIF('Opera Enerji Veri'!$C:$C, 'Opera Günlük Analiz'!$B5,'Opera Enerji Veri'!BG:BG) | L5: =SUMIF('Opera Enerji Veri'!$C:$C, 'Opera Günlük Analiz'!$B5,'Opera Enerji Veri'!BH:BH) | M5: =SUMIF('Opera Enerji Veri'!$C:$C, 'Opera Günlük Analiz'!$B5,'Opera Enerji Veri'!BB:BB) | N5: =SUMIF('Opera Enerji Veri'!$C:$C, 'Opera Günlük Analiz'!$B5,'Opera Enerji Veri'!BJ:BJ) | O5: =SUMIF('Opera Enerji Veri'!$C:$C, 'Opera Günlük Analiz'!$B5,'Opera Enerji Veri'!BK:BK) | P5: =SUMIF('Opera Enerji Veri'!$C:$C, 'Opera Günlük Analiz'!$B5,'Opera Enerji Veri'!BL:BL) | Q5: =J5+K5+P5-M5 | R5: =F5-Q5-M5 | S5: =M5+R5 | T5: =IFERROR(Q5/G5,0) | U5: =IF(G5=0,0,S5/G5) | V5: =IFERROR(U5/H5,0) | W5: =IFERROR(ABS(N5/G5),0) | X5: =SUMIF('Opera Enerji Veri'!$C:$C, 'Opera Günlük Analiz'!$B5,'Opera Enerji Veri'!BU:BU) | Y5: =SUMIF('Opera Enerji Veri'!$C:$C, 'Opera Günlük Analiz'!$B5,'Opera Enerji Veri'!BD:BD) | Z5: =SUMIF('Opera Enerji Veri'!$C:$C, 'Opera Günlük Analiz'!$B5,'Opera Enerji Veri'!BW:BW) | AA5: =SUMIF('Opera Enerji Veri'!$C:$C, 'Opera Günlük Analiz'!$B5,'Opera Enerji Veri'!BX:BX) | AB5: =SUMIF('Opera Enerji Veri'!$C:$C, 'Opera Günlük Analiz'!$B5,'Opera Enerji Veri'!BY:BY) | AC5: =SUMIF('Opera Enerji Veri'!$C:$C, 'Opera Günlük Analiz'!$B5,'Opera Enerji Veri'!CI:CI) | AD5: =IFERROR(AC5/G5,0) | AE5: =J5+K5+L5+AB5-Y5 | AF5: =F5-AE5-Y5 | AG5: =Y5+AF5 | AH5: =IFERROR(AE5/G5,0) | AI5: =IF(G5=0,0,AG5/G5) | AJ5: =IFERROR(AI5/H5,0) | AK5: =IFERROR(ABS(Z5/G5),0) | AL5: =SUMIF('Opera Enerji Veri'!$C:$C, 'Opera Günlük Analiz'!$B5,'Opera Enerji Veri'!CH:CH) | AM5: =M5-Y5 | AN5: =IFERROR(AM5/M5,0) | AO5: =S5-AG5 | AP5: =IFERROR(AO5/S5,0)
B6: =B5+1 | C6: =IFERROR(AVERAGEIF('Opera Enerji Veri'!C:C,'Opera Günlük Analiz'!B6,'Opera Enerji Veri'!F:F),0) | D6: =IFERROR(AVERAGEIF('Opera Enerji Veri'!$C:$C,'Opera Günlük Analiz'!$B6,'Opera Enerji Veri'!G:G),0) | E6: =IFERROR(AVERAGEIF('Opera Enerji Veri'!$C:$C,'Opera Günlük Analiz'!$B6,'Opera Enerji Veri'!H:H),0) | F6: =SUMIF('Opera Enerji Veri'!$C:$C, 'Opera Günlük Analiz'!$B6,'Opera Enerji Veri'!BE:BE) | G6: =SUMIF('Opera Enerji Veri'!$C:$C, 'Opera Günlük Analiz'!$B6,'Opera Enerji Veri'!AY:AY) | H6: =IFERROR(F6/G6,0) | I6: =SUMIF('Opera Enerji Veri'!$C:$C, 'Opera Günlük Analiz'!$B6,'Opera Enerji Veri'!J:J) | J6: =SUMIF('Opera Enerji Veri'!$C:$C, 'Opera Günlük Analiz'!$B6,'Opera Enerji Veri'!BF:BF) | K6: =SUMIF('Opera Enerji Veri'!$C:$C, 'Opera Günlük Analiz'!$B6,'Opera Enerji Veri'!BG:BG) | L6: =SUMIF('Opera Enerji Veri'!$C:$C, 'Opera Günlük Analiz'!$B6,'Opera Enerji Veri'!BH:BH) | M6: =SUMIF('Opera Enerji Veri'!$C:$C, 'Opera Günlük Analiz'!$B6,'Opera Enerji Veri'!BB:BB) | N6: =SUMIF('Opera Enerji Veri'!$C:$C, 'Opera Günlük Analiz'!$B6,'Opera Enerji Veri'!BJ:BJ) | O6: =SUMIF('Opera Enerji Veri'!$C:$C, 'Opera Günlük Analiz'!$B6,'Opera Enerji Veri'!BK:BK) | P6: =SUMIF('Opera Enerji Veri'!$C:$C, 'Opera Günlük Analiz'!$B6,'Opera Enerji Veri'!BL:BL) | Q6: =J6+K6+P6-M6 | R6: =F6-Q6-M6 | S6: =M6+R6 | T6: =IFERROR(Q6/G6,0) | U6: =IF(G6=0,0,S6/G6) | V6: =IFERROR(U6/H6,0) | W6: =IFERROR(ABS(N6/G6),0) | X6: =SUMIF('Opera Enerji Veri'!$C:$C, 'Opera Günlük Analiz'!$B6,'Opera Enerji Veri'!BU:BU) | Y6: =SUMIF('Opera Enerji Veri'!$C:$C, 'Opera Günlük Analiz'!$B6,'Opera Enerji Veri'!BD:BD) | Z6: =SUMIF('Opera Enerji Veri'!$C:$C, 'Opera Günlük Analiz'!$B6,'Opera Enerji Veri'!BW:BW) | AA6: =SUMIF('Opera Enerji Veri'!$C:$C, 'Opera Günlük Analiz'!$B6,'Opera Enerji Veri'!BX:BX) | AB6: =SUMIF('Opera Enerji Veri'!$C:$C, 'Opera Günlük Analiz'!$B6,'Opera Enerji Veri'!BY:BY) | AC6: =SUMIF('Opera Enerji Veri'!$C:$C, 'Opera Günlük Analiz'!$B6,'Opera Enerji Veri'!CI:CI) | AD6: =IFERROR(AC6/G6,0) | AE6: =J6+K6+L6+AB6-Y6 | AF6: =F6-AE6-Y6 | AG6: =Y6+AF6 | AH6: =IFERROR(AE6/G6,0) | AI6: =IF(G6=0,0,AG6/G6) | AJ6: =IFERROR(AI6/H6,0) | AK6: =IFERROR(ABS(Z6/G6),0) | AL6: =SUMIF('Opera Enerji Veri'!$C:$C, 'Opera Günlük Analiz'!$B6,'Opera Enerji Veri'!CH:CH) | AM6: =M6-Y6 | AN6: =IFERROR(AM6/M6,0) | AO6: =S6-AG6 | AP6: =IFERROR(AO6/S6,0)
B7: =B6+1 | C7: =IFERROR(AVERAGEIF('Opera Enerji Veri'!C:C,'Opera Günlük Analiz'!B7,'Opera Enerji Veri'!F:F),0) | D7: =IFERROR(AVERAGEIF('Opera Enerji Veri'!$C:$C,'Opera Günlük Analiz'!$B7,'Opera Enerji Veri'!G:G),0) | E7: =IFERROR(AVERAGEIF('Opera Enerji Veri'!$C:$C,'Opera Günlük Analiz'!$B7,'Opera Enerji Veri'!H:H),0) | F7: =SUMIF('Opera Enerji Veri'!$C:$C, 'Opera Günlük Analiz'!$B7,'Opera Enerji Veri'!BE:BE) | G7: =SUMIF('Opera Enerji Veri'!$C:$C, 'Opera Günlük Analiz'!$B7,'Opera Enerji Veri'!AY:AY) | H7: =IFERROR(F7/G7,0) | I7: =SUMIF('Opera Enerji Veri'!$C:$C, 'Opera Günlük Analiz'!$B7,'Opera Enerji Veri'!J:J) | J7: =SUMIF('Opera Enerji Veri'!$C:$C, 'Opera Günlük Analiz'!$B7,'Opera Enerji Veri'!BF:BF) | K7: =SUMIF('Opera Enerji Veri'!$C:$C, 'Opera Günlük Analiz'!$B7,'Opera Enerji Veri'!BG:BG) | L7: =SUMIF('Opera Enerji Veri'!$C:$C, 'Opera Günlük Analiz'!$B7,'Opera Enerji Veri'!BH:BH) | M7: =SUMIF('Opera Enerji Veri'!$C:$C, 'Opera Günlük Analiz'!$B7,'Opera Enerji Veri'!BB:BB) | N7: =SUMIF('Opera Enerji Veri'!$C:$C, 'Opera Günlük Analiz'!$B7,'Opera Enerji Veri'!BJ:BJ) | O7: =SUMIF('Opera Enerji Veri'!$C:$C, 'Opera Günlük Analiz'!$B7,'Opera Enerji Veri'!BK:BK) | P7: =SUMIF('Opera Enerji Veri'!$C:$C, 'Opera Günlük Analiz'!$B7,'Opera Enerji Veri'!BL:BL) | Q7: =J7+K7+P7-M7 | R7: =F7-Q7-M7 | S7: =M7+R7 | T7: =IFERROR(Q7/G7,0) | U7: =IF(G7=0,0,S7/G7) | V7: =IFERROR(U7/H7,0) | W7: =IFERROR(ABS(N7/G7),0) | X7: =SUMIF('Opera Enerji Veri'!$C:$C, 'Opera Günlük Analiz'!$B7,'Opera Enerji Veri'!BU:BU) | Y7: =SUMIF('Opera Enerji Veri'!$C:$C, 'Opera Günlük Analiz'!$B7,'Opera Enerji Veri'!BD:BD) | Z7: =SUMIF('Opera Enerji Veri'!$C:$C, 'Opera Günlük Analiz'!$B7,'Opera Enerji Veri'!BW:BW) | AA7: =SUMIF('Opera Enerji Veri'!$C:$C, 'Opera Günlük Analiz'!$B7,'Opera Enerji Veri'!BX:BX) | AB7: =SUMIF('Opera Enerji Veri'!$C:$C, 'Opera Günlük Analiz'!$B7,'Opera Enerji Veri'!BY:BY) | AC7: =SUMIF('Opera Enerji Veri'!$C:$C, 'Opera Günlük Analiz'!$B7,'Opera Enerji Veri'!CI:CI) | AD7: =IFERROR(AC7/G7,0) | AE7: =J7+K7+L7+AB7-Y7 | AF7: =F7-AE7-Y7 | AG7: =Y7+AF7 | AH7: =IFERROR(AE7/G7,0) | AI7: =IF(G7=0,0,AG7/G7) | AJ7: =IFERROR(AI7/H7,0) | AK7: =IFERROR(ABS(Z7/G7),0) | AL7: =SUMIF('Opera Enerji Veri'!$C:$C, 'Opera Günlük Analiz'!$B7,'Opera Enerji Veri'!CH:CH) | AM7: =M7-Y7 | AN7: =IFERROR(AM7/M7,0) | AO7: =S7-AG7 | AP7: =IFERROR(AO7/S7,0)
B8: =B7+1 | C8: =IFERROR(AVERAGEIF('Opera Enerji Veri'!C:C,'Opera Günlük Analiz'!B8,'Opera Enerji Veri'!F:F),0) | D8: =IFERROR(AVERAGEIF('Opera Enerji Veri'!$C:$C,'Opera Günlük Analiz'!$B8,'Opera Enerji Veri'!G:G),0) | E8: =IFERROR(AVERAGEIF('Opera Enerji Veri'!$C:$C,'Opera Günlük Analiz'!$B8,'Opera Enerji Veri'!H:H),0) | F8: =SUMIF('Opera Enerji Veri'!$C:$C, 'Opera Günlük Analiz'!$B8,'Opera Enerji Veri'!BE:BE) | G8: =SUMIF('Opera Enerji Veri'!$C:$C, 'Opera Günlük Analiz'!$B8,'Opera Enerji Veri'!AY:AY) | H8: =IFERROR(F8/G8,0) | I8: =SUMIF('Opera Enerji Veri'!$C:$C, 'Opera Günlük Analiz'!$B8,'Opera Enerji Veri'!J:J) | J8: =SUMIF('Opera Enerji Veri'!$C:$C, 'Opera Günlük Analiz'!$B8,'Opera Enerji Veri'!BF:BF) | K8: =SUMIF('Opera Enerji Veri'!$C:$C, 'Opera Günlük Analiz'!$B8,'Opera Enerji Veri'!BG:BG) | L8: =SUMIF('Opera Enerji Veri'!$C:$C, 'Opera Günlük Analiz'!$B8,'Opera Enerji Veri'!BH:BH) | M8: =SUMIF('Opera Enerji Veri'!$C:$C, 'Opera Günlük Analiz'!$B8,'Opera Enerji Veri'!BB:BB) | N8: =SUMIF('Opera Enerji Veri'!$C:$C, 'Opera Günlük Analiz'!$B8,'Opera Enerji Veri'!BJ:BJ) | O8: =SUMIF('Opera Enerji Veri'!$C:$C, 'Opera Günlük Analiz'!$B8,'Opera Enerji Veri'!BK:BK) | P8: =SUMIF('Opera Enerji Veri'!$C:$C, 'Opera Günlük Analiz'!$B8,'Opera Enerji Veri'!BL:BL) | Q8: =J8+K8+P8-M8 | R8: =F8-Q8-M8 | S8: =M8+R8 | T8: =IFERROR(Q8/G8,0) | U8: =IF(G8=0,0,S8/G8) | V8: =IFERROR(U8/H8,0) | W8: =IFERROR(ABS(N8/G8),0) | X8: =SUMIF('Opera Enerji Veri'!$C:$C, 'Opera Günlük Analiz'!$B8,'Opera Enerji Veri'!BU:BU) | Y8: =SUMIF('Opera Enerji Veri'!$C:$C, 'Opera Günlük Analiz'!$B8,'Opera Enerji Veri'!BD:BD) | Z8: =SUMIF('Opera Enerji Veri'!$C:$C, 'Opera Günlük Analiz'!$B8,'Opera Enerji Veri'!BW:BW) | AA8: =SUMIF('Opera Enerji Veri'!$C:$C, 'Opera Günlük Analiz'!$B8,'Opera Enerji Veri'!BX:BX) | AB8: =SUMIF('Opera Enerji Veri'!$C:$C, 'Opera Günlük Analiz'!$B8,'Opera Enerji Veri'!BY:BY) | AC8: =SUMIF('Opera Enerji Veri'!$C:$C, 'Opera Günlük Analiz'!$B8,'Opera Enerji Veri'!CI:CI) | AD8: =IFERROR(AC8/G8,0) | AE8: =J8+K8+L8+AB8-Y8 | AF8: =F8-AE8-Y8 | AG8: =Y8+AF8 | AH8: =IFERROR(AE8/G8,0) | AI8: =IF(G8=0,0,AG8/G8) | AJ8: =IFERROR(AI8/H8,0) | AK8: =IFERROR(ABS(Z8/G8),0) | AL8: =SUMIF('Opera Enerji Veri'!$C:$C, 'Opera Günlük Analiz'!$B8,'Opera Enerji Veri'!CH:CH) | AM8: =M8-Y8 | AN8: =IFERROR(AM8/M8,0) | AO8: =S8-AG8 | AP8: =IFERROR(AO8/S8,0)
B9: =B8+1 | C9: =IFERROR(AVERAGEIF('Opera Enerji Veri'!C:C,'Opera Günlük Analiz'!B9,'Opera Enerji Veri'!F:F),0) | D9: =IFERROR(AVERAGEIF('Opera Enerji Veri'!$C:$C,'Opera Günlük Analiz'!$B9,'Opera Enerji Veri'!G:G),0) | E9: =IFERROR(AVERAGEIF('Opera Enerji Veri'!$C:$C,'Opera Günlük Analiz'!$B9,'Opera Enerji Veri'!H:H),0) | F9: =SUMIF('Opera Enerji Veri'!$C:$C, 'Opera Günlük Analiz'!$B9,'Opera Enerji Veri'!BE:BE) | G9: =SUMIF('Opera Enerji Veri'!$C:$C, 'Opera Günlük Analiz'!$B9,'Opera Enerji Veri'!AY:AY) | H9: =IFERROR(F9/G9,0) | I9: =SUMIF('Opera Enerji Veri'!$C:$C, 'Opera Günlük Analiz'!$B9,'Opera Enerji Veri'!J:J) | J9: =SUMIF('Opera Enerji Veri'!$C:$C, 'Opera Günlük Analiz'!$B9,'Opera Enerji Veri'!BF:BF) | K9: =SUMIF('Opera Enerji Veri'!$C:$C, 'Opera Günlük Analiz'!$B9,'Opera Enerji Veri'!BG:BG) | L9: =SUMIF('Opera Enerji Veri'!$C:$C, 'Opera Günlük Analiz'!$B9,'Opera Enerji Veri'!BH:BH) | M9: =SUMIF('Opera Enerji Veri'!$C:$C, 'Opera Günlük Analiz'!$B9,'Opera Enerji Veri'!BB:BB) | N9: =SUMIF('Opera Enerji Veri'!$C:$C, 'Opera Günlük Analiz'!$B9,'Opera Enerji Veri'!BJ:BJ) | O9: =SUMIF('Opera Enerji Veri'!$C:$C, 'Opera Günlük Analiz'!$B9,'Opera Enerji Veri'!BK:BK) | P9: =SUMIF('Opera Enerji Veri'!$C:$C, 'Opera Günlük Analiz'!$B9,'Opera Enerji Veri'!BL:BL) | Q9: =J9+K9+P9-M9 | R9: =F9-Q9-M9 | S9: =M9+R9 | T9: =IFERROR(Q9/G9,0) | U9: =IF(G9=0,0,S9/G9) | V9: =IFERROR(U9/H9,0) | W9: =IFERROR(ABS(N9/G9),0) | X9: =SUMIF('Opera Enerji Veri'!$C:$C, 'Opera Günlük Analiz'!$B9,'Opera Enerji Veri'!BU:BU) | Y9: =SUMIF('Opera Enerji Veri'!$C:$C, 'Opera Günlük Analiz'!$B9,'Opera Enerji Veri'!BD:BD) | Z9: =SUMIF('Opera Enerji Veri'!$C:$C, 'Opera Günlük Analiz'!$B9,'Opera Enerji Veri'!BW:BW) | AA9: =SUMIF('Opera Enerji Veri'!$C:$C, 'Opera Günlük Analiz'!$B9,'Opera Enerji Veri'!BX:BX) | AB9: =SUMIF('Opera Enerji Veri'!$C:$C, 'Opera Günlük Analiz'!$B9,'Opera Enerji Veri'!BY:BY) | AC9: =SUMIF('Opera Enerji Veri'!$C:$C, 'Opera Günlük Analiz'!$B9,'Opera Enerji Veri'!CI:CI) | AD9: =IFERROR(AC9/G9,0) | AE9: =J9+K9+L9+AB9-Y9 | AF9: =F9-AE9-Y9 | AG9: =Y9+AF9 | AH9: =IFERROR(AE9/G9,0) | AI9: =IF(G9=0,0,AG9/G9) | AJ9: =IFERROR(AI9/H9,0) | AK9: =IFERROR(ABS(Z9/G9),0) | AL9: =SUMIF('Opera Enerji Veri'!$C:$C, 'Opera Günlük Analiz'!$B9,'Opera Enerji Veri'!CH:CH) | AM9: =M9-Y9 | AN9: =IFERROR(AM9/M9,0) | AO9: =S9-AG9 | AP9: =IFERROR(AO9/S9,0)
B10: =B9+1 | C10: =IFERROR(AVERAGEIF('Opera Enerji Veri'!C:C,'Opera Günlük Analiz'!B10,'Opera Enerji Veri'!F:F),0) | D10: =IFERROR(AVERAGEIF('Opera Enerji Veri'!$C:$C,'Opera Günlük Analiz'!$B10,'Opera Enerji Veri'!G:G),0) | E10: =IFERROR(AVERAGEIF('Opera Enerji Veri'!$C:$C,'Opera Günlük Analiz'!$B10,'Opera Enerji Veri'!H:H),0) | F10: =SUMIF('Opera Enerji Veri'!$C:$C, 'Opera Günlük Analiz'!$B10,'Opera Enerji Veri'!BE:BE) | G10: =SUMIF('Opera Enerji Veri'!$C:$C, 'Opera Günlük Analiz'!$B10,'Opera Enerji Veri'!AY:AY) | H10: =IFERROR(F10/G10,0) | I10: =SUMIF('Opera Enerji Veri'!$C:$C, 'Opera Günlük Analiz'!$B10,'Opera Enerji Veri'!J:J) | J10: =SUMIF('Opera Enerji Veri'!$C:$C, 'Opera Günlük Analiz'!$B10,'Opera Enerji Veri'!BF:BF) | K10: =SUMIF('Opera Enerji Veri'!$C:$C, 'Opera Günlük Analiz'!$B10,'Opera Enerji Veri'!BG:BG) | L10: =SUMIF('Opera Enerji Veri'!$C:$C, 'Opera Günlük Analiz'!$B10,'Opera Enerji Veri'!BH:BH) | M10: =SUMIF('Opera Enerji Veri'!$C:$C, 'Opera Günlük Analiz'!$B10,'Opera Enerji Veri'!BB:BB) | N10: =SUMIF('Opera Enerji Veri'!$C:$C, 'Opera Günlük Analiz'!$B10,'Opera Enerji Veri'!BJ:BJ) | O10: =SUMIF('Opera Enerji Veri'!$C:$C, 'Opera Günlük Analiz'!$B10,'Opera Enerji Veri'!BK:BK) | P10: =SUMIF('Opera Enerji Veri'!$C:$C, 'Opera Günlük Analiz'!$B10,'Opera Enerji Veri'!BL:BL) | Q10: =J10+K10+P10-M10 | R10: =F10-Q10-M10 | S10: =M10+R10 | T10: =IFERROR(Q10/G10,0) | U10: =IF(G10=0,0,S10/G10) | V10: =IFERROR(U10/H10,0) | W10: =IFERROR(ABS(N10/G10),0) | X10: =SUMIF('Opera Enerji Veri'!$C:$C, 'Opera Günlük Analiz'!$B10,'Opera Enerji Veri'!BU:BU) | Y10: =SUMIF('Opera Enerji Veri'!$C:$C, 'Opera Günlük Analiz'!$B10,'Opera Enerji Veri'!BD:BD) | Z10: =SUMIF('Opera Enerji Veri'!$C:$C, 'Opera Günlük Analiz'!$B10,'Opera Enerji Veri'!BW:BW) | AA10: =SUMIF('Opera Enerji Veri'!$C:$C, 'Opera Günlük Analiz'!$B10,'Opera Enerji Veri'!BX:BX) | AB10: =SUMIF('Opera Enerji Veri'!$C:$C, 'Opera Günlük Analiz'!$B10,'Opera Enerji Veri'!BY:BY) | AC10: =SUMIF('Opera Enerji Veri'!$C:$C, 'Opera Günlük Analiz'!$B10,'Opera Enerji Veri'!CI:CI) | AD10: =IFERROR(AC10/G10,0) | AE10: =J10+K10+L10+AB10-Y10 | AF10: =F10-AE10-Y10 | AG10: =Y10+AF10 | AH10: =IFERROR(AE10/G10,0) | AI10: =IF(G10=0,0,AG10/G10) | AJ10: =IFERROR(AI10/H10,0) | AK10: =IFERROR(ABS(Z10/G10),0) | AL10: =SUMIF('Opera Enerji Veri'!$C:$C, 'Opera Günlük Analiz'!$B10,'Opera Enerji Veri'!CH:CH) | AM10: =M10-Y10 | AN10: =IFERROR(AM10/M10,0) | AO10: =S10-AG10 | AP10: =IFERROR(AO10/S10,0)
B11: =B10+1 | C11: =IFERROR(AVERAGEIF('Opera Enerji Veri'!C:C,'Opera Günlük Analiz'!B11,'Opera Enerji Veri'!F:F),0) | D11: =IFERROR(AVERAGEIF('Opera Enerji Veri'!$C:$C,'Opera Günlük Analiz'!$B11,'Opera Enerji Veri'!G:G),0) | E11: =IFERROR(AVERAGEIF('Opera Enerji Veri'!$C:$C,'Opera Günlük Analiz'!$B11,'Opera Enerji Veri'!H:H),0) | F11: =SUMIF('Opera Enerji Veri'!$C:$C, 'Opera Günlük Analiz'!$B11,'Opera Enerji Veri'!BE:BE) | G11: =SUMIF('Opera Enerji Veri'!$C:$C, 'Opera Günlük Analiz'!$B11,'Opera Enerji Veri'!AY:AY) | H11: =IFERROR(F11/G11,0) | I11: =SUMIF('Opera Enerji Veri'!$C:$C, 'Opera Günlük Analiz'!$B11,'Opera Enerji Veri'!J:J) | J11: =SUMIF('Opera Enerji Veri'!$C:$C, 'Opera Günlük Analiz'!$B11,'Opera Enerji Veri'!BF:BF) | K11: =SUMIF('Opera Enerji Veri'!$C:$C, 'Opera Günlük Analiz'!$B11,'Opera Enerji Veri'!BG:BG) | L11: =SUMIF('Opera Enerji Veri'!$C:$C, 'Opera Günlük Analiz'!$B11,'Opera Enerji Veri'!BH:BH) | M11: =SUMIF('Opera Enerji Veri'!$C:$C, 'Opera Günlük Analiz'!$B11,'Opera Enerji Veri'!BB:BB) | N11: =SUMIF('Opera Enerji Veri'!$C:$C, 'Opera Günlük Analiz'!$B11,'Opera Enerji Veri'!BJ:BJ) | O11: =SUMIF('Opera Enerji Veri'!$C:$C, 'Opera Günlük Analiz'!$B11,'Opera Enerji Veri'!BK:BK) | P11: =SUMIF('Opera Enerji Veri'!$C:$C, 'Opera Günlük Analiz'!$B11,'Opera Enerji Veri'!BL:BL) | Q11: =J11+K11+P11-M11 | R11: =F11-Q11-M11 | S11: =M11+R11 | T11: =IFERROR(Q11/G11,0) | U11: =IF(G11=0,0,S11/G11) | V11: =IFERROR(U11/H11,0) | W11: =IFERROR(ABS(N11/G11),0) | X11: =SUMIF('Opera Enerji Veri'!$C:$C, 'Opera Günlük Analiz'!$B11,'Opera Enerji Veri'!BU:BU) | Y11: =SUMIF('Opera Enerji Veri'!$C:$C, 'Opera Günlük Analiz'!$B11,'Opera Enerji Veri'!BD:BD) | Z11: =SUMIF('Opera Enerji Veri'!$C:$C, 'Opera Günlük Analiz'!$B11,'Opera Enerji Veri'!BW:BW) | AA11: =SUMIF('Opera Enerji Veri'!$C:$C, 'Opera Günlük Analiz'!$B11,'Opera Enerji Veri'!BX:BX) | AB11: =SUMIF('Opera Enerji Veri'!$C:$C, 'Opera Günlük Analiz'!$B11,'Opera Enerji Veri'!BY:BY) | AC11: =SUMIF('Opera Enerji Veri'!$C:$C, 'Opera Günlük Analiz'!$B11,'Opera Enerji Veri'!CI:CI) | AD11: =IFERROR(AC11/G11,0) | AE11: =J11+K11+L11+AB11-Y11 | AF11: =F11-AE11-Y11 | AG11: =Y11+AF11 | AH11: =IFERROR(AE11/G11,0) | AI11: =IF(G11=0,0,AG11/G11) | AJ11: =IFERROR(AI11/H11,0) | AK11: =IFERROR(ABS(Z11/G11),0) | AL11: =SUMIF('Opera Enerji Veri'!$C:$C, 'Opera Günlük Analiz'!$B11,'Opera Enerji Veri'!CH:CH) | AM11: =M11-Y11 | AN11: =IFERROR(AM11/M11,0) | AO11: =S11-AG11 | AP11: =IFERROR(AO11/S11,0)
B12: =B11+1 | C12: =IFERROR(AVERAGEIF('Opera Enerji Veri'!C:C,'Opera Günlük Analiz'!B12,'Opera Enerji Veri'!F:F),0) | D12: =IFERROR(AVERAGEIF('Opera Enerji Veri'!$C:$C,'Opera Günlük Analiz'!$B12,'Opera Enerji Veri'!G:G),0) | E12: =IFERROR(AVERAGEIF('Opera Enerji Veri'!$C:$C,'Opera Günlük Analiz'!$B12,'Opera Enerji Veri'!H:H),0) | F12: =SUMIF('Opera Enerji Veri'!$C:$C, 'Opera Günlük Analiz'!$B12,'Opera Enerji Veri'!BE:BE) | G12: =SUMIF('Opera Enerji Veri'!$C:$C, 'Opera Günlük Analiz'!$B12,'Opera Enerji Veri'!AY:AY) | H12: =IFERROR(F12/G12,0) | I12: =SUMIF('Opera Enerji Veri'!$C:$C, 'Opera Günlük Analiz'!$B12,'Opera Enerji Veri'!J:J) | J12: =SUMIF('Opera Enerji Veri'!$C:$C, 'Opera Günlük Analiz'!$B12,'Opera Enerji Veri'!BF:BF) | K12: =SUMIF('Opera Enerji Veri'!$C:$C, 'Opera Günlük Analiz'!$B12,'Opera Enerji Veri'!BG:BG) | L12: =SUMIF('Opera Enerji Veri'!$C:$C, 'Opera Günlük Analiz'!$B12,'Opera Enerji Veri'!BH:BH) | M12: =SUMIF('Opera Enerji Veri'!$C:$C, 'Opera Günlük Analiz'!$B12,'Opera Enerji Veri'!BB:BB) | N12: =SUMIF('Opera Enerji Veri'!$C:$C, 'Opera Günlük Analiz'!$B12,'Opera Enerji Veri'!BJ:BJ) | O12: =SUMIF('Opera Enerji Veri'!$C:$C, 'Opera Günlük Analiz'!$B12,'Opera Enerji Veri'!BK:BK) | P12: =SUMIF('Opera Enerji Veri'!$C:$C, 'Opera Günlük Analiz'!$B12,'Opera Enerji Veri'!BL:BL) | Q12: =J12+K12+P12-M12 | R12: =F12-Q12-M12 | S12: =M12+R12 | T12: =IFERROR(Q12/G12,0) | U12: =IF(G12=0,0,S12/G12) | V12: =IFERROR(U12/H12,0) | W12: =IFERROR(ABS(N12/G12),0) | X12: =SUMIF('Opera Enerji Veri'!$C:$C, 'Opera Günlük Analiz'!$B12,'Opera Enerji Veri'!BU:BU) | Y12: =SUMIF('Opera Enerji Veri'!$C:$C, 'Opera Günlük Analiz'!$B12,'Opera Enerji Veri'!BD:BD) | Z12: =SUMIF('Opera Enerji Veri'!$C:$C, 'Opera Günlük Analiz'!$B12,'Opera Enerji Veri'!BW:BW) | AA12: =SUMIF('Opera Enerji Veri'!$C:$C, 'Opera Günlük Analiz'!$B12,'Opera Enerji Veri'!BX:BX) | AB12: =SUMIF('Opera Enerji Veri'!$C:$C, 'Opera Günlük Analiz'!$B12,'Opera Enerji Veri'!BY:BY) | AC12: =SUMIF('Opera Enerji Veri'!$C:$C, 'Opera Günlük Analiz'!$B12,'Opera Enerji Veri'!CI:CI) | AD12: =IFERROR(AC12/G12,0) | AE12: =J12+K12+L12+AB12-Y12 | AF12: =F12-AE12-Y12 | AG12: =Y12+AF12 | AH12: =IFERROR(AE12/G12,0) | AI12: =IF(G12=0,0,AG12/G12) | AJ12: =IFERROR(AI12/H12,0) | AK12: =IFERROR(ABS(Z12/G12),0) | AL12: =SUMIF('Opera Enerji Veri'!$C:$C, 'Opera Günlük Analiz'!$B12,'Opera Enerji Veri'!CH:CH) | AM12: =M12-Y12 | AN12: =IFERROR(AM12/M12,0) | AO12: =S12-AG12 | AP12: =IFERROR(AO12/S12,0)
B13: =B12+1 | C13: =IFERROR(AVERAGEIF('Opera Enerji Veri'!C:C,'Opera Günlük Analiz'!B13,'Opera Enerji Veri'!F:F),0) | D13: =IFERROR(AVERAGEIF('Opera Enerji Veri'!$C:$C,'Opera Günlük Analiz'!$B13,'Opera Enerji Veri'!G:G),0) | E13: =IFERROR(AVERAGEIF('Opera Enerji Veri'!$C:$C,'Opera Günlük Analiz'!$B13,'Opera Enerji Veri'!H:H),0) | F13: =SUMIF('Opera Enerji Veri'!$C:$C, 'Opera Günlük Analiz'!$B13,'Opera Enerji Veri'!BE:BE) | G13: =SUMIF('Opera Enerji Veri'!$C:$C, 'Opera Günlük Analiz'!$B13,'Opera Enerji Veri'!AY:AY) | H13: =IFERROR(F13/G13,0) | I13: =SUMIF('Opera Enerji Veri'!$C:$C, 'Opera Günlük Analiz'!$B13,'Opera Enerji Veri'!J:J) | J13: =SUMIF('Opera Enerji Veri'!$C:$C, 'Opera Günlük Analiz'!$B13,'Opera Enerji Veri'!BF:BF) | K13: =SUMIF('Opera Enerji Veri'!$C:$C, 'Opera Günlük Analiz'!$B13,'Opera Enerji Veri'!BG:BG) | L13: =SUMIF('Opera Enerji Veri'!$C:$C, 'Opera Günlük Analiz'!$B13,'Opera Enerji Veri'!BH:BH) | M13: =SUMIF('Opera Enerji Veri'!$C:$C, 'Opera Günlük Analiz'!$B13,'Opera Enerji Veri'!BB:BB) | N13: =SUMIF('Opera Enerji Veri'!$C:$C, 'Opera Günlük Analiz'!$B13,'Opera Enerji Veri'!BJ:BJ) | O13: =SUMIF('Opera Enerji Veri'!$C:$C, 'Opera Günlük Analiz'!$B13,'Opera Enerji Veri'!BK:BK) | P13: =SUMIF('Opera Enerji Veri'!$C:$C, 'Opera Günlük Analiz'!$B13,'Opera Enerji Veri'!BL:BL) | Q13: =J13+K13+P13-M13 | R13: =F13-Q13-M13 | S13: =M13+R13 | T13: =IFERROR(Q13/G13,0) | U13: =IF(G13=0,0,S13/G13) | V13: =IFERROR(U13/H13,0) | W13: =IFERROR(ABS(N13/G13),0) | X13: =SUMIF('Opera Enerji Veri'!$C:$C, 'Opera Günlük Analiz'!$B13,'Opera Enerji Veri'!BU:BU) | Y13: =SUMIF('Opera Enerji Veri'!$C:$C, 'Opera Günlük Analiz'!$B13,'Opera Enerji Veri'!BD:BD) | Z13: =SUMIF('Opera Enerji Veri'!$C:$C, 'Opera Günlük Analiz'!$B13,'Opera Enerji Veri'!BW:BW) | AA13: =SUMIF('Opera Enerji Veri'!$C:$C, 'Opera Günlük Analiz'!$B13,'Opera Enerji Veri'!BX:BX) | AB13: =SUMIF('Opera Enerji Veri'!$C:$C, 'Opera Günlük Analiz'!$B13,'Opera Enerji Veri'!BY:BY) | AC13: =SUMIF('Opera Enerji Veri'!$C:$C, 'Opera Günlük Analiz'!$B13,'Opera Enerji Veri'!CI:CI) | AD13: =IFERROR(AC13/G13,0) | AE13: =J13+K13+L13+AB13-Y13 | AF13: =F13-AE13-Y13 | AG13: =Y13+AF13 | AH13: =IFERROR(AE13/G13,0) | AI13: =IF(G13=0,0,AG13/G13) | AJ13: =IFERROR(AI13/H13,0) | AK13: =IFERROR(ABS(Z13/G13),0) | AL13: =SUMIF('Opera Enerji Veri'!$C:$C, 'Opera Günlük Analiz'!$B13,'Opera Enerji Veri'!CH:CH) | AM13: =M13-Y13 | AN13: =IFERROR(AM13/M13,0) | AO13: =S13-AG13 | AP13: =IFERROR(AO13/S13,0)
B14: =B13+1 | C14: =IFERROR(AVERAGEIF('Opera Enerji Veri'!C:C,'Opera Günlük Analiz'!B14,'Opera Enerji Veri'!F:F),0) | D14: =IFERROR(AVERAGEIF('Opera Enerji Veri'!$C:$C,'Opera Günlük Analiz'!$B14,'Opera Enerji Veri'!G:G),0) | E14: =IFERROR(AVERAGEIF('Opera Enerji Veri'!$C:$C,'Opera Günlük Analiz'!$B14,'Opera Enerji Veri'!H:H),0) | F14: =SUMIF('Opera Enerji Veri'!$C:$C, 'Opera Günlük Analiz'!$B14,'Opera Enerji Veri'!BE:BE) | G14: =SUMIF('Opera Enerji Veri'!$C:$C, 'Opera Günlük Analiz'!$B14,'Opera Enerji Veri'!AY:AY) | H14: =IFERROR(F14/G14,0) | I14: =SUMIF('Opera Enerji Veri'!$C:$C, 'Opera Günlük Analiz'!$B14,'Opera Enerji Veri'!J:J) | J14: =SUMIF('Opera Enerji Veri'!$C:$C, 'Opera Günlük Analiz'!$B14,'Opera Enerji Veri'!BF:BF) | K14: =SUMIF('Opera Enerji Veri'!$C:$C, 'Opera Günlük Analiz'!$B14,'Opera Enerji Veri'!BG:BG) | L14: =SUMIF('Opera Enerji Veri'!$C:$C, 'Opera Günlük Analiz'!$B14,'Opera Enerji Veri'!BH:BH) | M14: =SUMIF('Opera Enerji Veri'!$C:$C, 'Opera Günlük Analiz'!$B14,'Opera Enerji Veri'!BB:BB) | N14: =SUMIF('Opera Enerji Veri'!$C:$C, 'Opera Günlük Analiz'!$B14,'Opera Enerji Veri'!BJ:BJ) | O14: =SUMIF('Opera Enerji Veri'!$C:$C, 'Opera Günlük Analiz'!$B14,'Opera Enerji Veri'!BK:BK) | P14: =SUMIF('Opera Enerji Veri'!$C:$C, 'Opera Günlük Analiz'!$B14,'Opera Enerji Veri'!BL:BL) | Q14: =J14+K14+P14-M14 | R14: =F14-Q14-M14 | S14: =M14+R14 | T14: =IFERROR(Q14/G14,0) | U14: =IF(G14=0,0,S14/G14) | V14: =IFERROR(U14/H14,0) | W14: =IFERROR(ABS(N14/G14),0) | X14: =SUMIF('Opera Enerji Veri'!$C:$C, 'Opera Günlük Analiz'!$B14,'Opera Enerji Veri'!BU:BU) | Y14: =SUMIF('Opera Enerji Veri'!$C:$C, 'Opera Günlük Analiz'!$B14,'Opera Enerji Veri'!BD:BD) | Z14: =SUMIF('Opera Enerji Veri'!$C:$C, 'Opera Günlük Analiz'!$B14,'Opera Enerji Veri'!BW:BW) | AA14: =SUMIF('Opera Enerji Veri'!$C:$C, 'Opera Günlük Analiz'!$B14,'Opera Enerji Veri'!BX:BX) | AB14: =SUMIF('Opera Enerji Veri'!$C:$C, 'Opera Günlük Analiz'!$B14,'Opera Enerji Veri'!BY:BY) | AC14: =SUMIF('Opera Enerji Veri'!$C:$C, 'Opera Günlük Analiz'!$B14,'Opera Enerji Veri'!CI:CI) | AD14: =IFERROR(AC14/G14,0) | AE14: =J14+K14+L14+AB14-Y14 | AF14: =F14-AE14-Y14 | AG14: =Y14+AF14 | AH14: =IFERROR(AE14/G14,0) | AI14: =IF(G14=0,0,AG14/G14) | AJ14: =IFERROR(AI14/H14,0) | AK14: =IFERROR(ABS(Z14/G14),0) | AL14: =SUMIF('Opera Enerji Veri'!$C:$C, 'Opera Günlük Analiz'!$B14,'Opera Enerji Veri'!CH:CH) | AM14: =M14-Y14 | AN14: =IFERROR(AM14/M14,0) | AO14: =S14-AG14 | AP14: =IFERROR(AO14/S14,0)
B15: =B14+1 | C15: =IFERROR(AVERAGEIF('Opera Enerji Veri'!C:C,'Opera Günlük Analiz'!B15,'Opera Enerji Veri'!F:F),0) | D15: =IFERROR(AVERAGEIF('Opera Enerji Veri'!$C:$C,'Opera Günlük Analiz'!$B15,'Opera Enerji Veri'!G:G),0) | E15: =IFERROR(AVERAGEIF('Opera Enerji Veri'!$C:$C,'Opera Günlük Analiz'!$B15,'Opera Enerji Veri'!H:H),0) | F15: =SUMIF('Opera Enerji Veri'!$C:$C, 'Opera Günlük Analiz'!$B15,'Opera Enerji Veri'!BE:BE) | G15: =SUMIF('Opera Enerji Veri'!$C:$C, 'Opera Günlük Analiz'!$B15,'Opera Enerji Veri'!AY:AY) | H15: =IFERROR(F15/G15,0) | I15: =SUMIF('Opera Enerji Veri'!$C:$C, 'Opera Günlük Analiz'!$B15,'Opera Enerji Veri'!J:J) | J15: =SUMIF('Opera Enerji Veri'!$C:$C, 'Opera Günlük Analiz'!$B15,'Opera Enerji Veri'!BF:BF) | K15: =SUMIF('Opera Enerji Veri'!$C:$C, 'Opera Günlük Analiz'!$B15,'Opera Enerji Veri'!BG:BG) | L15: =SUMIF('Opera Enerji Veri'!$C:$C, 'Opera Günlük Analiz'!$B15,'Opera Enerji Veri'!BH:BH) | M15: =SUMIF('Opera Enerji Veri'!$C:$C, 'Opera Günlük Analiz'!$B15,'Opera Enerji Veri'!BB:BB) | N15: =SUMIF('Opera Enerji Veri'!$C:$C, 'Opera Günlük Analiz'!$B15,'Opera Enerji Veri'!BJ:BJ) | O15: =SUMIF('Opera Enerji Veri'!$C:$C, 'Opera Günlük Analiz'!$B15,'Opera Enerji Veri'!BK:BK) | P15: =SUMIF('Opera Enerji Veri'!$C:$C, 'Opera Günlük Analiz'!$B15,'Opera Enerji Veri'!BL:BL) | Q15: =J15+K15+P15-M15 | R15: =F15-Q15-M15 | S15: =M15+R15 | T15: =IFERROR(Q15/G15,0) | U15: =IF(G15=0,0,S15/G15) | V15: =IFERROR(U15/H15,0) | W15: =IFERROR(ABS(N15/G15),0) | X15: =SUMIF('Opera Enerji Veri'!$C:$C, 'Opera Günlük Analiz'!$B15,'Opera Enerji Veri'!BU:BU) | Y15: =SUMIF('Opera Enerji Veri'!$C:$C, 'Opera Günlük Analiz'!$B15,'Opera Enerji Veri'!BD:BD) | Z15: =SUMIF('Opera Enerji Veri'!$C:$C, 'Opera Günlük Analiz'!$B15,'Opera Enerji Veri'!BW:BW) | AA15: =SUMIF('Opera Enerji Veri'!$C:$C, 'Opera Günlük Analiz'!$B15,'Opera Enerji Veri'!BX:BX) | AB15: =SUMIF('Opera Enerji Veri'!$C:$C, 'Opera Günlük Analiz'!$B15,'Opera Enerji Veri'!BY:BY) | AC15: =SUMIF('Opera Enerji Veri'!$C:$C, 'Opera Günlük Analiz'!$B15,'Opera Enerji Veri'!CI:CI) | AD15: =IFERROR(AC15/G15,0) | AE15: =J15+K15+L15+AB15-Y15 | AF15: =F15-AE15-Y15 | AG15: =Y15+AF15 | AH15: =IFERROR(AE15/G15,0) | AI15: =IF(G15=0,0,AG15/G15) | AJ15: =IFERROR(AI15/H15,0) | AK15: =IFERROR(ABS(Z15/G15),0) | AL15: =SUMIF('Opera Enerji Veri'!$C:$C, 'Opera Günlük Analiz'!$B15,'Opera Enerji Veri'!CH:CH) | AM15: =M15-Y15 | AN15: =IFERROR(AM15/M15,0) | AO15: =S15-AG15 | AP15: =IFERROR(AO15/S15,0)
... B33: =B32+1 | C33: =IFERROR(AVERAGEIF('Opera Enerji Veri'!C:C,'Opera Günlük Analiz'!B33,'Opera Enerji Veri'!F:F),0) | D33: =IFERROR(AVERAGEIF('Opera Enerji Veri'!$C:$C,'Opera Günlük Analiz'!$B33,'Opera Enerji Veri'!G:G),0) | E33: =IFERROR(AVERAGEIF('Opera Enerji Veri'!$C:$C,'Opera Günlük Analiz'!$B33,'Opera Enerji Veri'!H:H),0) | F33: =SUMIF('Opera Enerji Veri'!$C:$C, 'Opera Günlük Analiz'!$B33,'Opera Enerji Veri'!BE:BE) | G33: =SUMIF('Opera Enerji Veri'!$C:$C, 'Opera Günlük Analiz'!$B33,'Opera Enerji Veri'!AY:AY) | H33: =IFERROR(F33/G33,0) | I33: =SUMIF('Opera Enerji Veri'!$C:$C, 'Opera Günlük Analiz'!$B33,'Opera Enerji Veri'!J:J) | J33: =SUMIF('Opera Enerji Veri'!$C:$C, 'Opera Günlük Analiz'!$B33,'Opera Enerji Veri'!BF:BF) | K33: =SUMIF('Opera Enerji Veri'!$C:$C, 'Opera Günlük Analiz'!$B33,'Opera Enerji Veri'!BG:BG) | L33: =SUMIF('Opera Enerji Veri'!$C:$C, 'Opera Günlük Analiz'!$B33,'Opera Enerji Veri'!BH:BH) | M33: =SUMIF('Opera Enerji Veri'!$C:$C, 'Opera Günlük Analiz'!$B33,'Opera Enerji Veri'!BB:BB) | N33: =SUMIF('Opera Enerji Veri'!$C:$C, 'Opera Günlük Analiz'!$B33,'Opera Enerji Veri'!BJ:BJ) | O33: =SUMIF('Opera Enerji Veri'!$C:$C, 'Opera Günlük Analiz'!$B33,'Opera Enerji Veri'!BK:BK) | P33: =SUMIF('Opera Enerji Veri'!$C:$C, 'Opera Günlük Analiz'!$B33,'Opera Enerji Veri'!BL:BL) | Q33: =J33+K33+P33-M33 | R33: =F33-Q33-M33 | S33: =M33+R33 | T33: =IFERROR(Q33/G33,0) | U33: =IF(G33=0,0,S33/G33) | V33: =IFERROR(U33/H33,0) | W33: =IFERROR(ABS(N33/G33),0) | X33: =SUMIF('Opera Enerji Veri'!$C:$C, 'Opera Günlük Analiz'!$B33,'Opera Enerji Veri'!BU:BU) | Y33: =SUMIF('Opera Enerji Veri'!$C:$C, 'Opera Günlük Analiz'!$B33,'Opera Enerji Veri'!BD:BD) | Z33: =SUMIF('Opera Enerji Veri'!$C:$C, 'Opera Günlük Analiz'!$B33,'Opera Enerji Veri'!BW:BW) | AA33: =SUMIF('Opera Enerji Veri'!$C:$C, 'Opera Günlük Analiz'!$B33,'Opera Enerji Veri'!BX:BX) | AB33: =SUMIF('Opera Enerji Veri'!$C:$C, 'Opera Günlük Analiz'!$B33,'Opera Enerji Veri'!BY:BY) | AC33: =SUMIF('Opera Enerji Veri'!$C:$C, 'Opera Günlük Analiz'!$B33,'Opera Enerji Veri'!CI:CI) | AD33: =IFERROR(AC33/G33,0) | AE33: =J33+K33+L33+AB33-Y33 | AF33: =F33-AE33-Y33 | AG33: =Y33+AF33 | AH33: =IFERROR(AE33/G33,0) | AI33: =IF(G33=0,0,AG33/G33) | AJ33: =IFERROR(AI33/H33,0) | AK33: =IFERROR(ABS(Z33/G33),0) | AL33: =SUMIF('Opera Enerji Veri'!$C:$C, 'Opera Günlük Analiz'!$B33,'Opera Enerji Veri'!CH:CH) | AM33: =M33-Y33 | AN33: =IFERROR(AM33/M33,0) | AO33: =S33-AG33 | AP33: =IFERROR(AO33/S33,0)
AI62: =19000000-18439500 | AM62: =AI62/19000000

Sheet Opera Enerji Veri
AB1: ARPACIK HES(3,77 MWh) | AI1: YAVUZ HES(33,5 MWh) | AP1: MİDİLLİ HES(33,548 MWh) | BI1: GİP ÖNCESİ | BV1: GİP SONRASI
A2: Tarih | B2: Saat | C2: GÜN | D2: AY | E2: Sistem Yönü | F2: PTF (TL/MWh) | G2: SMF (TL/MWh) | H2: PTF (USD/MWh) | I2: AOF (TL/MWh) | J2: GÖP SSM (MWh) | K2: GÖP SST (TL) | L2: GÖP SAM (MWh) | M2: GÖP SAT (TL) | N2: İA Satış Miktarı (MWh) | O2: İA Satış Birim Fiyatı(TL/MWh) | P2: İASST(TL) | Q2: İA Alış Miktarı (MWh) | R2: İA Alış Birim Fiyatı (TL/MWh) | S2: İAAT(TL) | T2: GİPSM (MWh) | U2: GİP İŞLEM AOF (TL/MWh) | V2: PTF-SATIŞ AÖF | W2: GİPST (TL) | X2: GİPAM (MWh) | Y2: GİP İŞLEM AOF (TL/MWh) | Z2: ALIŞ AÖF-PTF | AA2: GİPAT (TL) | AB2: UEVM | AC2: İLK KGÜP | AD2: İLK KUPSM | AE2: İLK KUPST | AF2: SON KGÜP | AG2: SON KUPSM | AH2: SON KUPST | AI2: UEVM | AJ2: İLK KGÜP | AK2: İLK KUPSM | AL2: İLK KUPST | AM2: SON KGÜP | AN2: SON KUPSM | AO2: SON KUPST | AP2: UEVM | AQ2: İLK KGÜP | AR2: İLK KUPSM | AS2: İLK KUPST | AT2: SON KGÜP | AU2: SON KUPSM | AV2: SON KUPST | AW2: TOPLAM İLK KGÜP | AX2: TOPLAM SON KGÜP | AY2: TOPLAM UEVM (MWh) | AZ2: TOPLAM UEÇM (MWh) | BA2: İLK KUPSM(MWh) | BB2: İLK KUPST(TL) | BC2: SON KUPSM | BD2: SON KUPST | BE2: İDEAL TUTAR(TL) | BF2: GÖP TUTAR | BG2: İA TUTAR | BH2: GİP TUTAR | BI2: NET GELİR(TL) | BJ2: Mutlak EDM(MWh) | BK2: EDM(MWh) | BL2: EDT(TL) | BM2: DENGESİZLİK MALİYETİ | BN2: İLK KÜPST | BO2: TOPLAM MALİYET | BP2: BİRİM MALİYET | BQ2: GİP'siz Piyasa Hacmi | BR2: GİP'siz Dengesizlik Oranı | BS2: GİP'siz Piyasa Hacminin %10 dışında EDM | BT2: GİP'siz Piyasa Hacminin %10 dışında EDT | BU2: GİP'siz DO Miktarı | BV2: NET GELİR(TL) | BW2: Mutlak EDM(MWh) | BX2: EDM(MWh) | BY2: EDT(TL) | BZ2: DENGESİZLİK MALİYETİ | CA2: SON KÜPST | CB2: TOPLAM MALİYET | CC2: BİRİM MALİYET | CD2: GİP'li Piyasa Hacmi | CE2: GİP' li Dengesizlik Oranı | CF2: GİP'li Piyasa Hacminin %10 dışında EDM | CG2: GİP'li Piyasa Hacminin %10 dışında EDT | CH2: GİP'li DO Miktarı | CI2: Dengesizlik Maliyeti_Yeni | CJ2: Birim Maliyeti_Yeni
A3: 46204 | B3: 00:00 | C3: =INT(A3) | D3: =MONTH(A3) | E3: Enerji Açığı | F3: 4090.67 | G3: 4091 | H3: 87.87 | I3: 3901.78 | J3: 0 | K3: =F3*J3 | L3: 0 | M3: =L3*F3 | N3: 16 | O3: =F3 | P3: =N3*O3 | Q3: 0 | R3: =F3 | S3: =R3*Q3 | U3: =IFERROR(W3/T3,0) | V3: =IF(U3=0,0,U3-F3) | Y3: =IFERROR(AA3/X3,0) | Z3: =IF(Y3=0,0,F3-Y3) | AB3: 0 | AC3: 0 | AD3: =IF(AB3>AC3*1.05,AB3-AC3*1.05,IF(AB3<AC3*0.95,AC3*0.95-AB3,0)) | AE3: =MAX(F3,G3,750)*0.05*AD3 | AF3: 0 | AG3: =IF(AB3>AF3*1.05,AB3-AF3*1.05,IF(AB3<AF3*0.95,AF3*0.95-AB3,0)) | AH3: =MAX(I3,J3,750)*0.05*AG3 | AI3: 8.15 | AJ3: 7 | AK3: =IF(AI3>AJ3*1.05,AI3-AJ3*1.05,IF(AI3<AJ3*0.95,AJ3*0.95-AI3,0)) | AL3: =MAX(F3,G3,750)*0.05*AK3 | AM3: 8 | AN3: =IF(AI3>AM3*1.05,AI3-AM3*1.05,IF(AI3<AM3*0.95,AM3*0.95-AI3,0)) | AO3: =MAX(F3,G3,750)*0.05*AN3 | AP3: 8.94 | AQ3: 9 | AR3: =IF(AP3>AQ3*1.05,AP3-AQ3*1.05,IF(AP3<AQ3*0.95,AQ3*0.95-AP3,0)) | AS3: =MAX(F3:G3,750)*0.05*AR3 | AT3: 9 | AU3: =IF(AP3>AT3*1.05,AP3-AT3*1.05,IF(AP3<AT3*0.95,AT3*0.95-AP3,0)) | AV3: =MAX(F3:G3,750)*0.05*AU3 | AW3: =AC3+AJ3+AQ3 | AX3: =AF3+AM3+AT3 | AY3: =AB3+AI3+AP3 | AZ3: 0 | BA3: =AD3+AK3+AR3 | BB3: =MAX(F3:G3,750)*0.05*BA3 | BC3: =AG3+AN3+AU3 | BD3: =MAX(F3:G3,750)*0.05*BC3 | BE3: =F3*AY3 | BF3: =K3-M3 | BG3: =P3-S3 | BH3: =W3-AA3 | BI3: =BF3+BG3+BL3-BN3 | BJ3: =ABS(BK3) | BK3: =AY3-(J3-L3+N3-Q3) | BL3: =IF(AND(BK3>0,MIN($F3:$G3)<150,$E3="Enerji Açığı"),-100*BK3*1.03,IF(AND(BK3>0,MIN($F3:$G3)<150,$E3="Enerji Fazlası"),-100*BK3*1.06,IF(AND(BK3>0,MIN($F3:$G3)>=150,$E3="Enerji Açığı"),BK3*MIN($F3:$G3)*0.97,IF(AND(BK3>0,MIN($F3:$G3)>=150,$E3="Enerji Fazlası"),BK3*MIN($F3:$G3)*0.94,IF(AND(BK3<0,MAX($F3:$G3)=4500,$E3="Enerji Açığı"),4500*1.05*1.06*BK3,IF(AND(BK3<0,MAX($F3:$G3)=4500,$E3="Enerji Fazlası"),4500*1.05*1.03*BK3,IF(AND(BK3<0,$E3="Enerji Açığı"),MAX($F3,$G3,150)*BK3*1.06,IF(AND(BK3<0,$E3="Enerji Fazlası"),MAX($F3,$G3,150)*BK3*1.03,IF(AND(BK3<0,$E3="Dengede"),MAX($F3:$G3,150)*1.03*BK3,MIN($F3:$G3)*0.97*BK3))))))))) | BM3: =BE3-BI3-BN3 | BN3: =BB3 | BO3: =BE3-BI3 | BP3: =IF(AY3=0,0,BO3/AY3) | BQ3: =MAX((AY3+MAX((-J3+L3-N3+Q3),0)),(MAX((J3-L3+N3-Q3),0))) | BR3: =IFERROR(ABS(BK3/BQ3),0) | BS3: =IF(BR3<=0.1,0,BK3/BR3*(BR3-0.1)) | BT3: =IF((BS3)<0,MAX(F3:G3)*(BS3)*1.03,MIN(F3:G3)*(BS3)*0.97) | BU3: =IF(BR3>0.1,1,0) | BV3: =BF3+BG3+BH3+BY3-CA3 | BW3: =ABS(BX3) | BX3: =AY3-(J3-L3+N3-Q3+T3-X3) | BY3: =IF(AND(BX3>0,MIN($F3:$G3)<150,$E3="Enerji Açığı"),-100*BX3*1.03,IF(AND(BX3>0,MIN($F3:$G3)<150,$E3="Enerji Fazlası"),-100*BX3*1.06,IF(AND(BX3>0,MIN($F3:$G3)>=150,$E3="Enerji Açığı"),BX3*MIN($F3:$G3)*0.97,IF(AND(BX3>0,MIN($F3:$G3)>=150,$E3="Enerji Fazlası"),BX3*MIN($F3:$G3)*0.94,IF(AND(BX3<0,MAX($F3:$G3)=4500,$E3="Enerji Açığı"),4500*1.05*1.06*BX3,IF(AND(BX3<0,MAX($F3:$G3)=4500,$E3="Enerji Fazlası"),4500*1.05*1.03*BX3,IF(AND(BX3<0,$E3="Enerji Açığı"),MAX($F3,$G3,150)*BX3*1.06,IF(AND(BX3<0,$E3="Enerji Fazlası"),MAX($F3,$G3,150)*BX3*1.03,IF(AND(BX3<0,$E3="Dengede"),MAX($F3:$G3,150)*1.03*BX3,MIN($F3:$G3)*0.97*BX3))))))))) | BZ3: =BE3-BV3-CA3 | CA3: =BD3 | CB3: =BE3-BV3 | CC3: =IF(AY3=0,0,CB3/AY3) | CD3: =MAX((AY3+MAX((-J3+L3-N3+Q3-T3+X3),0)),(MAX((J3-L3+N3-Q3+T3-X3),0))) | CE3: =IFERROR(ABS(BX3/CD3),0) | CF3: =IF(CE3<=0.1,0,BX3/CE3*(CE3-0.1)) | CG3: =IF((CF3)<0,MAX(F3:G3)*(CF3)*1.03,MIN(F3:G3)*(CF3)*0.97) | CH3: =IF(CE3>0.1,1,0) | CI3: =(F3*BX3)-BY3 | CJ3: =IF(AY3=0,0,CI3/AY3)
A4: 46204.042 | B4: 01:00 | C4: =INT(A4) | D4: =MONTH(A4) | E4: Enerji Açığı | F4: 4000 | G4: 4000 | H4: 85.92 | I4: 3986.47 | J4: 0 | K4: =F4*J4 | L4: 0 | M4: =L4*F4 | N4: 16 | O4: =F4 | P4: =N4*O4 | Q4: 0 | R4: =F4 | S4: =R4*Q4 | U4: =IFERROR(W4/T4,0) | V4: =IF(U4=0,0,U4-F4) | Y4: =IFERROR(AA4/X4,0) | Z4: =IF(Y4=0,0,F4-Y4) | AB4: 0 | AC4: 0 | AD4: =IF(AB4>AC4*1.05,AB4-AC4*1.05,IF(AB4<AC4*0.95,AC4*0.95-AB4,0)) | AE4: =MAX(F4,G4,750)*0.05*AD4 | AF4: 0 | AG4: =IF(AB4>AF4*1.05,AB4-AF4*1.05,IF(AB4<AF4*0.95,AF4*0.95-AB4,0)) | AH4: =MAX(I4,J4,750)*0.05*AG4 | AI4: 8.14 | AJ4: 7 | AK4: =IF(AI4>AJ4*1.05,AI4-AJ4*1.05,IF(AI4<AJ4*0.95,AJ4*0.95-AI4,0)) | AL4: =MAX(F4,G4,750)*0.05*AK4 | AM4: 8 | AN4: =IF(AI4>AM4*1.05,AI4-AM4*1.05,IF(AI4<AM4*0.95,AM4*0.95-AI4,0)) | AO4: =MAX(F4,G4,750)*0.05*AN4 | AP4: 9.97 | AQ4: 9 | AR4: =IF(AP4>AQ4*1.05,AP4-AQ4*1.05,IF(AP4<AQ4*0.95,AQ4*0.95-AP4,0)) | AS4: =MAX(F4:G4,750)*0.05*AR4 | AT4: 10 | AU4: =IF(AP4>AT4*1.05,AP4-AT4*1.05,IF(AP4<AT4*0.95,AT4*0.95-AP4,0)) | AV4: =MAX(F4:G4,750)*0.05*AU4 | AW4: =AC4+AJ4+AQ4 | AX4: =AF4+AM4+AT4 | AY4: =AB4+AI4+AP4 | AZ4: 0 | BA4: =AD4+AK4+AR4 | BB4: =MAX(F4:G4,750)*0.05*BA4 | BC4: =AG4+AN4+AU4 | BD4: =MAX(F4:G4,750)*0.05*BC4 | BE4: =F4*AY4 | BF4: =K4-M4 | BG4: =P4-S4 | BH4: =W4-AA4 | BI4: =BF4+BG4+BL4-BN4 | BJ4: =ABS(BK4) | BK4: =AY4-(J4-L4+N4-Q4) | BL4: =IF(AND(BK4>0,MIN($F4:$G4)<150,$E4="Enerji Açığı"),-100*BK4*1.03,IF(AND(BK4>0,MIN($F4:$G4)<150,$E4="Enerji Fazlası"),-100*BK4*1.06,IF(AND(BK4>0,MIN($F4:$G4)>=150,$E4="Enerji Açığı"),BK4*MIN($F4:$G4)*0.97,IF(AND(BK4>0,MIN($F4:$G4)>=150,$E4="Enerji Fazlası"),BK4*MIN($F4:$G4)*0.94,IF(AND(BK4<0,MAX($F4:$G4)=4500,$E4="Enerji Açığı"),4500*1.05*1.06*BK4,IF(AND(BK4<0,MAX($F4:$G4)=4500,$E4="Enerji Fazlası"),4500*1.05*1.03*BK4,IF(AND(BK4<0,$E4="Enerji Açığı"),MAX($F4,$G4,150)*BK4*1.06,IF(AND(BK4<0,$E4="Enerji Fazlası"),MAX($F4,$G4,150)*BK4*1.03,IF(AND(BK4<0,$E4="Dengede"),MAX($F4:$G4,150)*1.03*BK4,MIN($F4:$G4)*0.97*BK4))))))))) | BM4: =BE4-BI4-BN4 | BN4: =BB4 | BO4: =BE4-BI4 | BP4: =IF(AY4=0,0,BO4/AY4) | BQ4: =MAX((AY4+MAX((-J4+L4-N4+Q4),0)),(MAX((J4-L4+N4-Q4),0))) | BR4: =IFERROR(ABS(BK4/BQ4),0) | BS4: =IF(BR4<=0.1,0,BK4/BR4*(BR4-0.1)) | BT4: =IF((BS4)<0,MAX(F4:G4)*(BS4)*1.03,MIN(F4:G4)*(BS4)*0.97) | BU4: =IF(BR4>0.1,1,0) | BV4: =BF4+BG4+BH4+BY4-CA4 | BW4: =ABS(BX4) | BX4: =AY4-(J4-L4+N4-Q4+T4-X4) | BY4: =IF(AND(BX4>0,MIN($F4:$G4)<150,$E4="Enerji Açığı"),-100*BX4*1.03,IF(AND(BX4>0,MIN($F4:$G4)<150,$E4="Enerji Fazlası"),-100*BX4*1.06,IF(AND(BX4>0,MIN($F4:$G4)>=150,$E4="Enerji Açığı"),BX4*MIN($F4:$G4)*0.97,IF(AND(BX4>0,MIN($F4:$G4)>=150,$E4="Enerji Fazlası"),BX4*MIN($F4:$G4)*0.94,IF(AND(BX4<0,MAX($F4:$G4)=4500,$E4="Enerji Açığı"),4500*1.05*1.06*BX4,IF(AND(BX4<0,MAX($F4:$G4)=4500,$E4="Enerji Fazlası"),4500*1.05*1.03*BX4,IF(AND(BX4<0,$E4="Enerji Açığı"),MAX($F4,$G4,150)*BX4*1.06,IF(AND(BX4<0,$E4="Enerji Fazlası"),MAX($F4,$G4,150)*BX4*1.03,IF(AND(BX4<0,$E4="Dengede"),MAX($F4:$G4,150)*1.03*BX4,MIN($F4:$G4)*0.97*BX4))))))))) | BZ4: =BE4-BV4-CA4 | CA4: =BD4 | CB4: =BE4-BV4 | CC4: =IF(AY4=0,0,CB4/AY4) | CD4: =MAX((AY4+MAX((-J4+L4-N4+Q4-T4+X4),0)),(MAX((J4-L4+N4-Q4+T4-X4),0))) | CE4: =IFERROR(ABS(BX4/CD4),0) | CF4: =IF(CE4<=0.1,0,BX4/CE4*(CE4-0.1)) | CG4: =IF((CF4)<0,MAX(F4:G4)*(CF4)*1.03,MIN(F4:G4)*(CF4)*0.97) | CH4: =IF(CE4>0.1,1,0) | CI4: =(F4*BX4)-BY4 | CJ4: =IF(AY4=0,0,CI4/AY4)
A5: 46204.083 | B5: 02:00 | C5: =INT(A5) | D5: =MONTH(A5) | E5: Enerji Açığı | F5: 3575.03 | G5: 3848 | H5: 76.79 | I5: 3229.34 | J5: 0 | K5: =F5*J5 | L5: 0 | M5: =L5*F5 | N5: 16 | O5: =F5 | P5: =N5*O5 | Q5: 0 | R5: =F5 | S5: =R5*Q5 | U5: =IFERROR(W5/T5,0) | V5: =IF(U5=0,0,U5-F5) | Y5: =IFERROR(AA5/X5,0) | Z5: =IF(Y5=0,0,F5-Y5) | AB5: 0 | AC5: 0 | AD5: =IF(AB5>AC5*1.05,AB5-AC5*1.05,IF(AB5<AC5*0.95,AC5*0.95-AB5,0)) | AE5: =MAX(F5,G5,750)*0.05*AD5 | AF5: 0 | AG5: =IF(AB5>AF5*1.05,AB5-AF5*1.05,IF(AB5<AF5*0.95,AF5*0.95-AB5,0)) | AH5: =MAX(I5,J5,750)*0.05*AG5 | AI5: 7.25 | AJ5: 7 | AK5: =IF(AI5>AJ5*1.05,AI5-AJ5*1.05,IF(AI5<AJ5*0.95,AJ5*0.95-AI5,0)) | AL5: =MAX(F5,G5,750)*0.05*AK5 | AM5: 8 | AN5: =IF(AI5>AM5*1.05,AI5-AM5*1.05,IF(AI5<AM5*0.95,AM5*0.95-AI5,0)) | AO5: =MAX(F5,G5,750)*0.05*AN5 | AP5: 10.05 | AQ5: 9 | AR5: =IF(AP5>AQ5*1.05,AP5-AQ5*1.05,IF(AP5<AQ5*0.95,AQ5*0.95-AP5,0)) | AS5: =MAX(F5:G5,750)*0.05*AR5 | AT5: 9 | AU5: =IF(AP5>AT5*1.05,AP5-AT5*1.05,IF(AP5<AT5*0.95,AT5*0.95-AP5,0)) | AV5: =MAX(F5:G5,750)*0.05*AU5 | AW5: =AC5+AJ5+AQ5 | AX5: =AF5+AM5+AT5 | AY5: =AB5+AI5+AP5 | AZ5: 0 | BA5: =AD5+AK5+AR5 | BB5: =MAX(F5:G5,750)*0.05*BA5 | BC5: =AG5+AN5+AU5 | BD5: =MAX(F5:G5,750)*0.05*BC5 | BE5: =F5*AY5 | BF5: =K5-M5 | BG5: =P5-S5 | BH5: =W5-AA5 | BI5: =BF5+BG5+BL5-BN5 | BJ5: =ABS(BK5) | BK5: =AY5-(J5-L5+N5-Q5) | BL5: =IF(AND(BK5>0,MIN($F5:$G5)<150,$E5="Enerji Açığı"),-100*BK5*1.03,IF(AND(BK5>0,MIN($F5:$G5)<150,$E5="Enerji Fazlası"),-100*BK5*1.06,IF(AND(BK5>0,MIN($F5:$G5)>=150,$E5="Enerji Açığı"),BK5*MIN($F5:$G5)*0.97,IF(AND(BK5>0,MIN($F5:$G5)>=150,$E5="Enerji Fazlası"),BK5*MIN($F5:$G5)*0.94,IF(AND(BK5<0,MAX($F5:$G5)=4500,$E5="Enerji Açığı"),4500*1.05*1.06*BK5,IF(AND(BK5<0,MAX($F5:$G5)=4500,$E5="Enerji Fazlası"),4500*1.05*1.03*BK5,IF(AND(BK5<0,$E5="Enerji Açığı"),MAX($F5,$G5,150)*BK5*1.06,IF(AND(BK5<0,$E5="Enerji Fazlası"),MAX($F5,$G5,150)*BK5*1.03,IF(AND(BK5<0,$E5="Dengede"),MAX($F5:$G5,150)*1.03*BK5,MIN($F5:$G5)*0.97*BK5))))))))) | BM5: =BE5-BI5-BN5 | BN5: =BB5 | BO5: =BE5-BI5 | BP5: =IF(AY5=0,0,BO5/AY5) | BQ5: =MAX((AY5+MAX((-J5+L5-N5+Q5),0)),(MAX((J5-L5+N5-Q5),0))) | BR5: =IFERROR(ABS(BK5/BQ5),0) | BS5: =IF(BR5<=0.1,0,BK5/BR5*(BR5-0.1)) | BT5: =IF((BS5)<0,MAX(F5:G5)*(BS5)*1.03,MIN(F5:G5)*(BS5)*0.97) | BU5: =IF(BR5>0.1,1,0) | BV5: =BF5+BG5+BH5+BY5-CA5 | BW5: =ABS(BX5) | BX5: =AY5-(J5-L5+N5-Q5+T5-X5) | BY5: =IF(AND(BX5>0,MIN($F5:$G5)<150,$E5="Enerji Açığı"),-100*BX5*1.03,IF(AND(BX5>0,MIN($F5:$G5)<150,$E5="Enerji Fazlası"),-100*BX5*1.06,IF(AND(BX5>0,MIN($F5:$G5)>=150,$E5="Enerji Açığı"),BX5*MIN($F5:$G5)*0.97,IF(AND(BX5>0,MIN($F5:$G5)>=150,$E5="Enerji Fazlası"),BX5*MIN($F5:$G5)*0.94,IF(AND(BX5<0,MAX($F5:$G5)=4500,$E5="Enerji Açığı"),4500*1.05*1.06*BX5,IF(AND(BX5<0,MAX($F5:$G5)=4500,$E5="Enerji Fazlası"),4500*1.05*1.03*BX5,IF(AND(BX5<0,$E5="Enerji Açığı"),MAX($F5,$G5,150)*BX5*1.06,IF(AND(BX5<0,$E5="Enerji Fazlası"),MAX($F5,$G5,150)*BX5*1.03,IF(AND(BX5<0,$E5="Dengede"),MAX($F5:$G5,150)*1.03*BX5,MIN($F5:$G5)*0.97*BX5))))))))) | BZ5: =BE5-BV5-CA5 | CA5: =BD5 | CB5: =BE5-BV5 | CC5: =IF(AY5=0,0,CB5/AY5) | CD5: =MAX((AY5+MAX((-J5+L5-N5+Q5-T5+X5),0)),(MAX((J5-L5+N5-Q5+T5-X5),0))) | CE5: =IFERROR(ABS(BX5/CD5),0) | CF5: =IF(CE5<=0.1,0,BX5/CE5*(CE5-0.1)) | CG5: =IF((CF5)<0,MAX(F5:G5)*(CF5)*1.03,MIN(F5:G5)*(CF5)*0.97) | CH5: =IF(CE5>0.1,1,0) | CI5: =(F5*BX5)-BY5 | CJ5: =IF(AY5=0,0,CI5/AY5)
A6: 46204.125 | B6: 03:00 | C6: =INT(A6) | D6: =MONTH(A6) | E6: Enerji Açığı | F6: 3544.71 | G6: 3800 | H6: 76.14 | I6: 3506.53 | J6: 0 | K6: =F6*J6 | L6: 0 | M6: =L6*F6 | N6: 16 | O6: =F6 | P6: =N6*O6 | Q6: 0 | R6: =F6 | S6: =R6*Q6 | U6: =IFERROR(W6/T6,0) | V6: =IF(U6=0,0,U6-F6) | Y6: =IFERROR(AA6/X6,0) | Z6: =IF(Y6=0,0,F6-Y6) | AB6: 0 | AC6: 0 | AD6: =IF(AB6>AC6*1.05,AB6-AC6*1.05,IF(AB6<AC6*0.95,AC6*0.95-AB6,0)) | AE6: =MAX(F6,G6,750)*0.05*AD6 | AF6: 0 | AG6: =IF(AB6>AF6*1.05,AB6-AF6*1.05,IF(AB6<AF6*0.95,AF6*0.95-AB6,0)) | AH6: =MAX(I6,J6,750)*0.05*AG6 | AI6: 7.15 | AJ6: 7 | AK6: =IF(AI6>AJ6*1.05,AI6-AJ6*1.05,IF(AI6<AJ6*0.95,AJ6*0.95-AI6,0)) | AL6: =MAX(F6,G6,750)*0.05*AK6 | AM6: 7 | AN6: =IF(AI6>AM6*1.05,AI6-AM6*1.05,IF(AI6<AM6*0.95,AM6*0.95-AI6,0)) | AO6: =MAX(F6,G6,750)*0.05*AN6 | AP6: 8.97 | AQ6: 9 | AR6: =IF(AP6>AQ6*1.05,AP6-AQ6*1.05,IF(AP6<AQ6*0.95,AQ6*0.95-AP6,0)) | AS6: =MAX(F6:G6,750)*0.05*AR6 | AT6: 9 | AU6: =IF(AP6>AT6*1.05,AP6-AT6*1.05,IF(AP6<AT6*0.95,AT6*0.95-AP6,0)) | AV6: =MAX(F6:G6,750)*0.05*AU6 | AW6: =AC6+AJ6+AQ6 | AX6: =AF6+AM6+AT6 | AY6: =AB6+AI6+AP6 | AZ6: 0 | BA6: =AD6+AK6+AR6 | BB6: =MAX(F6:G6,750)*0.05*BA6 | BC6: =AG6+AN6+AU6 | BD6: =MAX(F6:G6,750)*0.05*BC6 | BE6: =F6*AY6 | BF6: =K6-M6 | BG6: =P6-S6 | BH6: =W6-AA6 | BI6: =BF6+BG6+BL6-BN6 | BJ6: =ABS(BK6) | BK6: =AY6-(J6-L6+N6-Q6) | BL6: =IF(AND(BK6>0,MIN($F6:$G6)<150,$E6="Enerji Açığı"),-100*BK6*1.03,IF(AND(BK6>0,MIN($F6:$G6)<150,$E6="Enerji Fazlası"),-100*BK6*1.06,IF(AND(BK6>0,MIN($F6:$G6)>=150,$E6="Enerji Açığı"),BK6*MIN($F6:$G6)*0.97,IF(AND(BK6>0,MIN($F6:$G6)>=150,$E6="Enerji Fazlası"),BK6*MIN($F6:$G6)*0.94,IF(AND(BK6<0,MAX($F6:$G6)=4500,$E6="Enerji Açığı"),4500*1.05*1.06*BK6,IF(AND(BK6<0,MAX($F6:$G6)=4500,$E6="Enerji Fazlası"),4500*1.05*1.03*BK6,IF(AND(BK6<0,$E6="Enerji Açığı"),MAX($F6,$G6,150)*BK6*1.06,IF(AND(BK6<0,$E6="Enerji Fazlası"),MAX($F6,$G6,150)*BK6*1.03,IF(AND(BK6<0,$E6="Dengede"),MAX($F6:$G6,150)*1.03*BK6,MIN($F6:$G6)*0.97*BK6))))))))) | BM6: =BE6-BI6-BN6 | BN6: =BB6 | BO6: =BE6-BI6 | BP6: =IF(AY6=0,0,BO6/AY6) | BQ6: =MAX((AY6+MAX((-J6+L6-N6+Q6),0)),(MAX((J6-L6+N6-Q6),0))) | BR6: =IFERROR(ABS(BK6/BQ6),0) | BS6: =IF(BR6<=0.1,0,BK6/BR6*(BR6-0.1)) | BT6: =IF((BS6)<0,MAX(F6:G6)*(BS6)*1.03,MIN(F6:G6)*(BS6)*0.97) | BU6: =IF(BR6>0.1,1,0) | BV6: =BF6+BG6+BH6+BY6-CA6 | BW6: =ABS(BX6) | BX6: =AY6-(J6-L6+N6-Q6+T6-X6) | BY6: =IF(AND(BX6>0,MIN($F6:$G6)<150,$E6="Enerji Açığı"),-100*BX6*1.03,IF(AND(BX6>0,MIN($F6:$G6)<150,$E6="Enerji Fazlası"),-100*BX6*1.06,IF(AND(BX6>0,MIN($F6:$G6)>=150,$E6="Enerji Açığı"),BX6*MIN($F6:$G6)*0.97,IF(AND(BX6>0,MIN($F6:$G6)>=150,$E6="Enerji Fazlası"),BX6*MIN($F6:$G6)*0.94,IF(AND(BX6<0,MAX($F6:$G6)=4500,$E6="Enerji Açığı"),4500*1.05*1.06*BX6,IF(AND(BX6<0,MAX($F6:$G6)=4500,$E6="Enerji Fazlası"),4500*1.05*1.03*BX6,IF(AND(BX6<0,$E6="Enerji Açığı"),MAX($F6,$G6,150)*BX6*1.06,IF(AND(BX6<0,$E6="Enerji Fazlası"),MAX($F6,$G6,150)*BX6*1.03,IF(AND(BX6<0,$E6="Dengede"),MAX($F6:$G6,150)*1.03*BX6,MIN($F6:$G6)*0.97*BX6))))))))) | BZ6: =BE6-BV6-CA6 | CA6: =BD6 | CB6: =BE6-BV6 | CC6: =IF(AY6=0,0,CB6/AY6) | CD6: =MAX((AY6+MAX((-J6+L6-N6+Q6-T6+X6),0)),(MAX((J6-L6+N6-Q6+T6-X6),0))) | CE6: =IFERROR(ABS(BX6/CD6),0) | CF6: =IF(CE6<=0.1,0,BX6/CE6*(CE6-0.1)) | CG6: =IF((CF6)<0,MAX(F6:G6)*(CF6)*1.03,MIN(F6:G6)*(CF6)*0.97) | CH6: =IF(CE6>0.1,1,0) | CI6: =(F6*BX6)-BY6 | CJ6: =IF(AY6=0,0,CI6/AY6)
A7: 46204.167 | B7: 04:00 | C7: =INT(A7) | D7: =MONTH(A7) | E7: Enerji Açığı | F7: 3506.05 | G7: 3600 | H7: 75.31 | I7: 3554.59 | J7: 0 | K7: =F7*J7 | L7: 0 | M7: =L7*F7 | N7: 17 | O7: =F7 | P7: =N7*O7 | Q7: 0 | R7: =F7 | S7: =R7*Q7 | U7: =IFERROR(W7/T7,0) | V7: =IF(U7=0,0,U7-F7) | Y7: =IFERROR(AA7/X7,0) | Z7: =IF(Y7=0,0,F7-Y7) | AB7: 0 | AC7: 0 | AD7: =IF(AB7>AC7*1.05,AB7-AC7*1.05,IF(AB7<AC7*0.95,AC7*0.95-AB7,0)) | AE7: =MAX(F7,G7,750)*0.05*AD7 | AF7: 0 | AG7: =IF(AB7>AF7*1.05,AB7-AF7*1.05,IF(AB7<AF7*0.95,AF7*0.95-AB7,0)) | AH7: =MAX(I7,J7,750)*0.05*AG7 | AI7: 8.21 | AJ7: 7 | AK7: =IF(AI7>AJ7*1.05,AI7-AJ7*1.05,IF(AI7<AJ7*0.95,AJ7*0.95-AI7,0)) | AL7: =MAX(F7,G7,750)*0.05*AK7 | AM7: 8 | AN7: =IF(AI7>AM7*1.05,AI7-AM7*1.05,IF(AI7<AM7*0.95,AM7*0.95-AI7,0)) | AO7: =MAX(F7,G7,750)*0.05*AN7 | AP7: 11.99 | AQ7: 10 | AR7: =IF(AP7>AQ7*1.05,AP7-AQ7*1.05,IF(AP7<AQ7*0.95,AQ7*0.95-AP7,0)) | AS7: =MAX(F7:G7,750)*0.05*AR7 | AT7: 12 | AU7: =IF(AP7>AT7*1.05,AP7-AT7*1.05,IF(AP7<AT7*0.95,AT7*0.95-AP7,0)) | AV7: =MAX(F7:G7,750)*0.05*AU7 | AW7: =AC7+AJ7+AQ7 | AX7: =AF7+AM7+AT7 | AY7: =AB7+AI7+AP7 | AZ7: 0 | BA7: =AD7+AK7+AR7 | BB7: =MAX(F7:G7,750)*0.05*BA7 | BC7: =AG7+AN7+AU7 | BD7: =MAX(F7:G7,750)*0.05*BC7 | BE7: =F7*AY7 | BF7: =K7-M7 | BG7: =P7-S7 | BH7: =W7-AA7 | BI7: =BF7+BG7+BL7-BN7 | BJ7: =ABS(BK7) | BK7: =AY7-(J7-L7+N7-Q7) | BL7: =IF(AND(BK7>0,MIN($F7:$G7)<150,$E7="Enerji Açığı"),-100*BK7*1.03,IF(AND(BK7>0,MIN($F7:$G7)<150,$E7="Enerji Fazlası"),-100*BK7*1.06,IF(AND(BK7>0,MIN($F7:$G7)>=150,$E7="Enerji Açığı"),BK7*MIN($F7:$G7)*0.97,IF(AND(BK7>0,MIN($F7:$G7)>=150,$E7="Enerji Fazlası"),BK7*MIN($F7:$G7)*0.94,IF(AND(BK7<0,MAX($F7:$G7)=4500,$E7="Enerji Açığı"),4500*1.05*1.06*BK7,IF(AND(BK7<0,MAX($F7:$G7)=4500,$E7="Enerji Fazlası"),4500*1.05*1.03*BK7,IF(AND(BK7<0,$E7="Enerji Açığı"),MAX($F7,$G7,150)*BK7*1.06,IF(AND(BK7<0,$E7="Enerji Fazlası"),MAX($F7,$G7,150)*BK7*1.03,IF(AND(BK7<0,$E7="Dengede"),MAX($F7:$G7,150)*1.03*BK7,MIN($F7:$G7)*0.97*BK7))))))))) | BM7: =BE7-BI7-BN7 | BN7: =BB7 | BO7: =BE7-BI7 | BP7: =IF(AY7=0,0,BO7/AY7) | BQ7: =MAX((AY7+MAX((-J7+L7-N7+Q7),0)),(MAX((J7-L7+N7-Q7),0))) | BR7: =IFERROR(ABS(BK7/BQ7),0) | BS7: =IF(BR7<=0.1,0,BK7/BR7*(BR7-0.1)) | BT7: =IF((BS7)<0,MAX(F7:G7)*(BS7)*1.03,MIN(F7:G7)*(BS7)*0.97) | BU7: =IF(BR7>0.1,1,0) | BV7: =BF7+BG7+BH7+BY7-CA7 | BW7: =ABS(BX7) | BX7: =AY7-(J7-L7+N7-Q7+T7-X7) | BY7: =IF(AND(BX7>0,MIN($F7:$G7)<150,$E7="Enerji Açığı"),-100*BX7*1.03,IF(AND(BX7>0,MIN($F7:$G7)<150,$E7="Enerji Fazlası"),-100*BX7*1.06,IF(AND(BX7>0,MIN($F7:$G7)>=150,$E7="Enerji Açığı"),BX7*MIN($F7:$G7)*0.97,IF(AND(BX7>0,MIN($F7:$G7)>=150,$E7="Enerji Fazlası"),BX7*MIN($F7:$G7)*0.94,IF(AND(BX7<0,MAX($F7:$G7)=4500,$E7="Enerji Açığı"),4500*1.05*1.06*BX7,IF(AND(BX7<0,MAX($F7:$G7)=4500,$E7="Enerji Fazlası"),4500*1.05*1.03*BX7,IF(AND(BX7<0,$E7="Enerji Açığı"),MAX($F7,$G7,150)*BX7*1.06,IF(AND(BX7<0,$E7="Enerji Fazlası"),MAX($F7,$G7,150)*BX7*1.03,IF(AND(BX7<0,$E7="Dengede"),MAX($F7:$G7,150)*1.03*BX7,MIN($F7:$G7)*0.97*BX7))))))))) | BZ7: =BE7-BV7-CA7 | CA7: =BD7 | CB7: =BE7-BV7 | CC7: =IF(AY7=0,0,CB7/AY7) | CD7: =MAX((AY7+MAX((-J7+L7-N7+Q7-T7+X7),0)),(MAX((J7-L7+N7-Q7+T7-X7),0))) | CE7: =IFERROR(ABS(BX7/CD7),0) | CF7: =IF(CE7<=0.1,0,BX7/CE7*(CE7-0.1)) | CG7: =IF((CF7)<0,MAX(F7:G7)*(CF7)*1.03,MIN(F7:G7)*(CF7)*0.97) | CH7: =IF(CE7>0.1,1,0) | CI7: =(F7*BX7)-BY7 | CJ7: =IF(AY7=0,0,CI7/AY7)
A8: 46204.208 | B8: 05:00 | C8: =INT(A8) | D8: =MONTH(A8) | E8: Enerji Açığı | F8: 3000 | G8: 3450 | H8: 64.44 | I8: 2641.52 | J8: 0 | K8: =F8*J8 | L8: 0 | M8: =L8*F8 | N8: 17 | O8: =F8 | P8: =N8*O8 | Q8: 0 | R8: =F8 | S8: =R8*Q8 | U8: =IFERROR(W8/T8,0) | V8: =IF(U8=0,0,U8-F8) | Y8: =IFERROR(AA8/X8,0) | Z8: =IF(Y8=0,0,F8-Y8) | AB8: 0 | AC8: 0 | AD8: =IF(AB8>AC8*1.05,AB8-AC8*1.05,IF(AB8<AC8*0.95,AC8*0.95-AB8,0)) | AE8: =MAX(F8,G8,750)*0.05*AD8 | AF8: 0 | AG8: =IF(AB8>AF8*1.05,AB8-AF8*1.05,IF(AB8<AF8*0.95,AF8*0.95-AB8,0)) | AH8: =MAX(I8,J8,750)*0.05*AG8 | AI8: 8.3 | AJ8: 7 | AK8: =IF(AI8>AJ8*1.05,AI8-AJ8*1.05,IF(AI8<AJ8*0.95,AJ8*0.95-AI8,0)) | AL8: =MAX(F8,G8,750)*0.05*AK8 | AM8: 8 | AN8: =IF(AI8>AM8*1.05,AI8-AM8*1.05,IF(AI8<AM8*0.95,AM8*0.95-AI8,0)) | AO8: =MAX(F8,G8,750)*0.05*AN8 | AP8: 12.06 | AQ8: 10 | AR8: =IF(AP8>AQ8*1.05,AP8-AQ8*1.05,IF(AP8<AQ8*0.95,AQ8*0.95-AP8,0)) | AS8: =MAX(F8:G8,750)*0.05*AR8 | AT8: 12 | AU8: =IF(AP8>AT8*1.05,AP8-AT8*1.05,IF(AP8<AT8*0.95,AT8*0.95-AP8,0)) | AV8: =MAX(F8:G8,750)*0.05*AU8 | AW8: =AC8+AJ8+AQ8 | AX8: =AF8+AM8+AT8 | AY8: =AB8+AI8+AP8 | AZ8: 0 | BA8: =AD8+AK8+AR8 | BB8: =MAX(F8:G8,750)*0.05*BA8 | BC8: =AG8+AN8+AU8 | BD8: =MAX(F8:G8,750)*0.05*BC8 | BE8: =F8*AY8 | BF8: =K8-M8 | BG8: =P8-S8 | BH8: =W8-AA8 | BI8: =BF8+BG8+BL8-BN8 | BJ8: =ABS(BK8) | BK8: =AY8-(J8-L8+N8-Q8) | BL8: =IF(AND(BK8>0,MIN($F8:$G8)<150,$E8="Enerji Açığı"),-100*BK8*1.03,IF(AND(BK8>0,MIN($F8:$G8)<150,$E8="Enerji Fazlası"),-100*BK8*1.06,IF(AND(BK8>0,MIN($F8:$G8)>=150,$E8="Enerji Açığı"),BK8*MIN($F8:$G8)*0.97,IF(AND(BK8>0,MIN($F8:$G8)>=150,$E8="Enerji Fazlası"),BK8*MIN($F8:$G8)*0.94,IF(AND(BK8<0,MAX($F8:$G8)=4500,$E8="Enerji Açığı"),4500*1.05*1.06*BK8,IF(AND(BK8<0,MAX($F8:$G8)=4500,$E8="Enerji Fazlası"),4500*1.05*1.03*BK8,IF(AND(BK8<0,$E8="Enerji Açığı"),MAX($F8,$G8,150)*BK8*1.06,IF(AND(BK8<0,$E8="Enerji Fazlası"),MAX($F8,$G8,150)*BK8*1.03,IF(AND(BK8<0,$E8="Dengede"),MAX($F8:$G8,150)*1.03*BK8,MIN($F8:$G8)*0.97*BK8))))))))) | BM8: =BE8-BI8-BN8 | BN8: =BB8 | BO8: =BE8-BI8 | BP8: =IF(AY8=0,0,BO8/AY8) | BQ8: =MAX((AY8+MAX((-J8+L8-N8+Q8),0)),(MAX((J8-L8+N8-Q8),0))) | BR8: =IFERROR(ABS(BK8/BQ8),0) | BS8: =IF(BR8<=0.1,0,BK8/BR8*(BR8-0.1)) | BT8: =IF((BS8)<0,MAX(F8:G8)*(BS8)*1.03,MIN(F8:G8)*(BS8)*0.97) | BU8: =IF(BR8>0.1,1,0) | BV8: =BF8+BG8+BH8+BY8-CA8 | BW8: =ABS(BX8) | BX8: =AY8-(J8-L8+N8-Q8+T8-X8) | BY8: =IF(AND(BX8>0,MIN($F8:$G8)<150,$E8="Enerji Açığı"),-100*BX8*1.03,IF(AND(BX8>0,MIN($F8:$G8)<150,$E8="Enerji Fazlası"),-100*BX8*1.06,IF(AND(BX8>0,MIN($F8:$G8)>=150,$E8="Enerji Açığı"),BX8*MIN($F8:$G8)*0.97,IF(AND(BX8>0,MIN($F8:$G8)>=150,$E8="Enerji Fazlası"),BX8*MIN($F8:$G8)*0.94,IF(AND(BX8<0,MAX($F8:$G8)=4500,$E8="Enerji Açığı"),4500*1.05*1.06*BX8,IF(AND(BX8<0,MAX($F8:$G8)=4500,$E8="Enerji Fazlası"),4500*1.05*1.03*BX8,IF(AND(BX8<0,$E8="Enerji Açığı"),MAX($F8,$G8,150)*BX8*1.06,IF(AND(BX8<0,$E8="Enerji Fazlası"),MAX($F8,$G8,150)*BX8*1.03,IF(AND(BX8<0,$E8="Dengede"),MAX($F8:$G8,150)*1.03*BX8,MIN($F8:$G8)*0.97*BX8))))))))) | BZ8: =BE8-BV8-CA8 | CA8: =BD8 | CB8: =BE8-BV8 | CC8: =IF(AY8=0,0,CB8/AY8) | CD8: =MAX((AY8+MAX((-J8+L8-N8+Q8-T8+X8),0)),(MAX((J8-L8+N8-Q8+T8-X8),0))) | CE8: =IFERROR(ABS(BX8/CD8),0) | CF8: =IF(CE8<=0.1,0,BX8/CE8*(CE8-0.1)) | CG8: =IF((CF8)<0,MAX(F8:G8)*(CF8)*1.03,MIN(F8:G8)*(CF8)*0.97) | CH8: =IF(CE8>0.1,1,0) | CI8: =(F8*BX8)-BY8 | CJ8: =IF(AY8=0,0,CI8/AY8)
A9: 46204.25 | B9: 06:00 | C9: =INT(A9) | D9: =MONTH(A9) | E9: Enerji Açığı | F9: 1899.99 | G9: 1909.99 | H9: 40.81 | I9: 2675.81 | J9: 0 | K9: =F9*J9 | L9: 0 | M9: =L9*F9 | N9: 22.2 | O9: =F9 | P9: =N9*O9 | Q9: 0 | R9: =F9 | S9: =R9*Q9 | U9: =IFERROR(W9/T9,0) | V9: =IF(U9=0,0,U9-F9) | Y9: =IFERROR(AA9/X9,0) | Z9: =IF(Y9=0,0,F9-Y9) | AB9: 0 | AC9: 0 | AD9: =IF(AB9>AC9*1.05,AB9-AC9*1.05,IF(AB9<AC9*0.95,AC9*0.95-AB9,0)) | AE9: =MAX(F9,G9,750)*0.05*AD9 | AF9: 0 | AG9: =IF(AB9>AF9*1.05,AB9-AF9*1.05,IF(AB9<AF9*0.95,AF9*0.95-AB9,0)) | AH9: =MAX(I9,J9,750)*0.05*AG9 | AI9: 10.96 | AJ9: 9 | AK9: =IF(AI9>AJ9*1.05,AI9-AJ9*1.05,IF(AI9<AJ9*0.95,AJ9*0.95-AI9,0)) | AL9: =MAX(F9,G9,750)*0.05*AK9 | AM9: 10 | AN9: =IF(AI9>AM9*1.05,AI9-AM9*1.05,IF(AI9<AM9*0.95,AM9*0.95-AI9,0)) | AO9: =MAX(F9,G9,750)*0.05*AN9 | AP9: 12.64 | AQ9: 13.2 | AR9: =IF(AP9>AQ9*1.05,AP9-AQ9*1.05,IF(AP9<AQ9*0.95,AQ9*0.95-AP9,0)) | AS9: =MAX(F9:G9,750)*0.05*AR9 | AT9: 13.2 | AU9: =IF(AP9>AT9*1.05,AP9-AT9*1.05,IF(AP9<AT9*0.95,AT9*0.95-AP9,0)) | AV9: =MAX(F9:G9,750)*0.05*AU9 | AW9: =AC9+AJ9+AQ9 | AX9: =AF9+AM9+AT9 | AY9: =AB9+AI9+AP9 | AZ9: 0 | BA9: =AD9+AK9+AR9 | BB9: =MAX(F9:G9,750)*0.05*BA9 | BC9: =AG9+AN9+AU9 | BD9: =MAX(F9:G9,750)*0.05*BC9 | BE9: =F9*AY9 | BF9: =K9-M9 | BG9: =P9-S9 | BH9: =W9-AA9 | BI9: =BF9+BG9+BL9-BN9 | BJ9: =ABS(BK9) | BK9: =AY9-(J9-L9+N9-Q9) | BL9: =IF(AND(BK9>0,MIN($F9:$G9)<150,$E9="Enerji Açığı"),-100*BK9*1.03,IF(AND(BK9>0,MIN($F9:$G9)<150,$E9="Enerji Fazlası"),-100*BK9*1.06,IF(AND(BK9>0,MIN($F9:$G9)>=150,$E9="Enerji Açığı"),BK9*MIN($F9:$G9)*0.97,IF(AND(BK9>0,MIN($F9:$G9)>=150,$E9="Enerji Fazlası"),BK9*MIN($F9:$G9)*0.94,IF(AND(BK9<0,MAX($F9:$G9)=4500,$E9="Enerji Açığı"),4500*1.05*1.06*BK9,IF(AND(BK9<0,MAX($F9:$G9)=4500,$E9="Enerji Fazlası"),4500*1.05*1.03*BK9,IF(AND(BK9<0,$E9="Enerji Açığı"),MAX($F9,$G9,150)*BK9*1.06,IF(AND(BK9<0,$E9="Enerji Fazlası"),MAX($F9,$G9,150)*BK9*1.03,IF(AND(BK9<0,$E9="Dengede"),MAX($F9:$G9,150)*1.03*BK9,MIN($F9:$G9)*0.97*BK9))))))))) | BM9: =BE9-BI9-BN9 | BN9: =BB9 | BO9: =BE9-BI9 | BP9: =IF(AY9=0,0,BO9/AY9) | BQ9: =MAX((AY9+MAX((-J9+L9-N9+Q9),0)),(MAX((J9-L9+N9-Q9),0))) | BR9: =IFERROR(ABS(BK9/BQ9),0) | BS9: =IF(BR9<=0.1,0,BK9/BR9*(BR9-0.1)) | BT9: =IF((BS9)<0,MAX(F9:G9)*(BS9)*1.03,MIN(F9:G9)*(BS9)*0.97) | BU9: =IF(BR9>0.1,1,0) | BV9: =BF9+BG9+BH9+BY9-CA9 | BW9: =ABS(BX9) | BX9: =AY9-(J9-L9+N9-Q9+T9-X9) | BY9: =IF(AND(BX9>0,MIN($F9:$G9)<150,$E9="Enerji Açığı"),-100*BX9*1.03,IF(AND(BX9>0,MIN($F9:$G9)<150,$E9="Enerji Fazlası"),-100*BX9*1.06,IF(AND(BX9>0,MIN($F9:$G9)>=150,$E9="Enerji Açığı"),BX9*MIN($F9:$G9)*0.97,IF(AND(BX9>0,MIN($F9:$G9)>=150,$E9="Enerji Fazlası"),BX9*MIN($F9:$G9)*0.94,IF(AND(BX9<0,MAX($F9:$G9)=4500,$E9="Enerji Açığı"),4500*1.05*1.06*BX9,IF(AND(BX9<0,MAX($F9:$G9)=4500,$E9="Enerji Fazlası"),4500*1.05*1.03*BX9,IF(AND(BX9<0,$E9="Enerji Açığı"),MAX($F9,$G9,150)*BX9*1.06,IF(AND(BX9<0,$E9="Enerji Fazlası"),MAX($F9,$G9,150)*BX9*1.03,IF(AND(BX9<0,$E9="Dengede"),MAX($F9:$G9,150)*1.03*BX9,MIN($F9:$G9)*0.97*BX9))))))))) | BZ9: =BE9-BV9-CA9 | CA9: =BD9 | CB9: =BE9-BV9 | CC9: =IF(AY9=0,0,CB9/AY9) | CD9: =MAX((AY9+MAX((-J9+L9-N9+Q9-T9+X9),0)),(MAX((J9-L9+N9-Q9+T9-X9),0))) | CE9: =IFERROR(ABS(BX9/CD9),0) | CF9: =IF(CE9<=0.1,0,BX9/CE9*(CE9-0.1)) | CG9: =IF((CF9)<0,MAX(F9:G9)*(CF9)*1.03,MIN(F9:G9)*(CF9)*0.97) | CH9: =IF(CE9>0.1,1,0) | CI9: =(F9*BX9)-BY9 | CJ9: =IF(AY9=0,0,CI9/AY9)
A10: 46204.292 | B10: 07:00 | C10: =INT(A10) | D10: =MONTH(A10) | E10: Enerji Fazlası | F10: 370.01 | G10: 370 | H10: 7.95 | I10: 417.17 | J10: 0 | K10: =F10*J10 | L10: 0 | M10: =L10*F10 | N10: 22.5 | O10: =F10 | P10: =N10*O10 | Q10: 0 | R10: =F10 | S10: =R10*Q10 | U10: =IFERROR(W10/T10,0) | V10: =IF(U10=0,0,U10-F10) | Y10: =IFERROR(AA10/X10,0) | Z10: =IF(Y10=0,0,F10-Y10) | AB10: 0 | AC10: 0 | AD10: =IF(AB10>AC10*1.05,AB10-AC10*1.05,IF(AB10<AC10*0.95,AC10*0.95-AB10,0)) | AE10: =MAX(F10,G10,750)*0.05*AD10 | AF10: 0 | AG10: =IF(AB10>AF10*1.05,AB10-AF10*1.05,IF(AB10<AF10*0.95,AF10*0.95-AB10,0)) | AH10: =MAX(I10,J10,750)*0.05*AG10 | AI10: 11.38 | AJ10: 9 | AK10: =IF(AI10>AJ10*1.05,AI10-AJ10*1.05,IF(AI10<AJ10*0.95,AJ10*0.95-AI10,0)) | AL10: =MAX(F10,G10,750)*0.05*AK10 | AM10: 9 | AN10: =IF(AI10>AM10*1.05,AI10-AM10*1.05,IF(AI10<AM10*0.95,AM10*0.95-AI10,0)) | AO10: =MAX(F10,G10,750)*0.05*AN10 | AP10: 11.34 | AQ10: 13.5 | AR10: =IF(AP10>AQ10*1.05,AP10-AQ10*1.05,IF(AP10<AQ10*0.95,AQ10*0.95-AP10,0)) | AS10: =MAX(F10:G10,750)*0.05*AR10 | AT10: 13.5 | AU10: =IF(AP10>AT10*1.05,AP10-AT10*1.05,IF(AP10<AT10*0.95,AT10*0.95-AP10,0)) | AV10: =MAX(F10:G10,750)*0.05*AU10 | AW10: =AC10+AJ10+AQ10 | AX10: =AF10+AM10+AT10 | AY10: =AB10+AI10+AP10 | AZ10: 0 | BA10: =AD10+AK10+AR10 | BB10: =MAX(F10:G10,750)*0.05*BA10 | BC10: =AG10+AN10+AU10 | BD10: =MAX(F10:G10,750)*0.05*BC10 | BE10: =F10*AY10 | BF10: =K10-M10 | BG10: =P10-S10 | BH10: =W10-AA10 | BI10: =BF10+BG10+BL10-BN10 | BJ10: =ABS(BK10) | BK10: =AY10-(J10-L10+N10-Q10) | BL10: =IF(AND(BK10>0,MIN($F10:$G10)<150,$E10="Enerji Açığı"),-100*BK10*1.03,IF(AND(BK10>0,MIN($F10:$G10)<150,$E10="Enerji Fazlası"),-100*BK10*1.06,IF(AND(BK10>0,MIN($F10:$G10)>=150,$E10="Enerji Açığı"),BK10*MIN($F10:$G10)*0.97,IF(AND(BK10>0,MIN($F10:$G10)>=150,$E10="Enerji Fazlası"),BK10*MIN($F10:$G10)*0.94,IF(AND(BK10<0,MAX($F10:$G10)=4500,$E10="Enerji Açığı"),4500*1.05*1.06*BK10,IF(AND(BK10<0,MAX($F10:$G10)=4500,$E10="Enerji Fazlası"),4500*1.05*1.03*BK10,IF(AND(BK10<0,$E10="Enerji Açığı"),MAX($F10,$G10,150)*BK10*1.06,IF(AND(BK10<0,$E10="Enerji Fazlası"),MAX($F10,$G10,150)*BK10*1.03,IF(AND(BK10<0,$E10="Dengede"),MAX($F10:$G10,150)*1.03*BK10,MIN($F10:$G10)*0.97*BK10))))))))) | BM10: =BE10-BI10-BN10 | BN10: =BB10 | BO10: =BE10-BI10 | BP10: =IF(AY10=0,0,BO10/AY10) | BQ10: =MAX((AY10+MAX((-J10+L10-N10+Q10),0)),(MAX((J10-L10+N10-Q10),0))) | BR10: =IFERROR(ABS(BK10/BQ10),0) | BS10: =IF(BR10<=0.1,0,BK10/BR10*(BR10-0.1)) | BT10: =IF((BS10)<0,MAX(F10:G10)*(BS10)*1.03,MIN(F10:G10)*(BS10)*0.97) | BU10: =IF(BR10>0.1,1,0) | BV10: =BF10+BG10+BH10+BY10-CA10 | BW10: =ABS(BX10) | BX10: =AY10-(J10-L10+N10-Q10+T10-X10) | BY10: =IF(AND(BX10>0,MIN($F10:$G10)<150,$E10="Enerji Açığı"),-100*BX10*1.03,IF(AND(BX10>0,MIN($F10:$G10)<150,$E10="Enerji Fazlası"),-100*BX10*1.06,IF(AND(BX10>0,MIN($F10:$G10)>=150,$E10="Enerji Açığı"),BX10*MIN($F10:$G10)*0.97,IF(AND(BX10>0,MIN($F10:$G10)>=150,$E10="Enerji Fazlası"),BX10*MIN($F10:$G10)*0.94,IF(AND(BX10<0,MAX($F10:$G10)=4500,$E10="Enerji Açığı"),4500*1.05*1.06*BX10,IF(AND(BX10<0,MAX($F10:$G10)=4500,$E10="Enerji Fazlası"),4500*1.05*1.03*BX10,IF(AND(BX10<0,$E10="Enerji Açığı"),MAX($F10,$G10,150)*BX10*1.06,IF(AND(BX10<0,$E10="Enerji Fazlası"),MAX($F10,$G10,150)*BX10*1.03,IF(AND(BX10<0,$E10="Dengede"),MAX($F10:$G10,150)*1.03*BX10,MIN($F10:$G10)*0.97*BX10))))))))) | BZ10: =BE10-BV10-CA10 | CA10: =BD10 | CB10: =BE10-BV10 | CC10: =IF(AY10=0,0,CB10/AY10) | CD10: =MAX((AY10+MAX((-J10+L10-N10+Q10-T10+X10),0)),(MAX((J10-L10+N10-Q10+T10-X10),0))) | CE10: =IFERROR(ABS(BX10/CD10),0) | CF10: =IF(CE10<=0.1,0,BX10/CE10*(CE10-0.1)) | CG10: =IF((CF10)<0,MAX(F10:G10)*(CF10)*1.03,MIN(F10:G10)*(CF10)*0.97) | CH10: =IF(CE10>0.1,1,0) | CI10: =(F10*BX10)-BY10 | CJ10: =IF(AY10=0,0,CI10/AY10)
A11: 46204.333 | B11: 08:00 | C11: =INT(A11) | D11: =MONTH(A11) | E11: Enerji Fazlası | F11: 2800 | G11: 699.99 | H11: 60.14 | I11: 2955.48 | J11: 0 | K11: =F11*J11 | L11: 0 | M11: =L11*F11 | N11: 24 | O11: =F11 | P11: =N11*O11 | Q11: 0 | R11: =F11 | S11: =R11*Q11 | U11: =IFERROR(W11/T11,0) | V11: =IF(U11=0,0,U11-F11) | Y11: =IFERROR(AA11/X11,0) | Z11: =IF(Y11=0,0,F11-Y11) | AB11: 0 | AC11: 0 | AD11: =IF(AB11>AC11*1.05,AB11-AC11*1.05,IF(AB11<AC11*0.95,AC11*0.95-AB11,0)) | AE11: =MAX(F11,G11,750)*0.05*AD11 | AF11: 0 | AG11: =IF(AB11>AF11*1.05,AB11-AF11*1.05,IF(AB11<AF11*0.95,AF11*0.95-AB11,0)) | AH11: =MAX(I11,J11,750)*0.05*AG11 | AI11: 12.38 | AJ11: 9 | AK11: =IF(AI11>AJ11*1.05,AI11-AJ11*1.05,IF(AI11<AJ11*0.95,AJ11*0.95-AI11,0)) | AL11: =MAX(F11,G11,750)*0.05*AK11 | AM11: 10 | AN11: =IF(AI11>AM11*1.05,AI11-AM11*1.05,IF(AI11<AM11*0.95,AM11*0.95-AI11,0)) | AO11: =MAX(F11,G11,750)*0.05*AN11 | AP11: 11.76 | AQ11: 15 | AR11: =IF(AP11>AQ11*1.05,AP11-AQ11*1.05,IF(AP11<AQ11*0.95,AQ11*0.95-AP11,0)) | AS11: =MAX(F11:G11,750)*0.05*AR11 | AT11: 15 | AU11: =IF(AP11>AT11*1.05,AP11-AT11*1.05,IF(AP11<AT11*0.95,AT11*0.95-AP11,0)) | AV11: =MAX(F11:G11,750)*0.05*AU11 | AW11: =AC11+AJ11+AQ11 | AX11: =AF11+AM11+AT11 | AY11: =AB11+AI11+AP11 | AZ11: 0 | BA11: =AD11+AK11+AR11 | BB11: =MAX(F11:G11,750)*0.05*BA11 | BC11: =AG11+AN11+AU11 | BD11: =MAX(F11:G11,750)*0.05*BC11 | BE11: =F11*AY11 | BF11: =K11-M11 | BG11: =P11-S11 | BH11: =W11-AA11 | BI11: =BF11+BG11+BL11-BN11 | BJ11: =ABS(BK11) | BK11: =AY11-(J11-L11+N11-Q11) | BL11: =IF(AND(BK11>0,MIN($F11:$G11)<150,$E11="Enerji Açığı"),-100*BK11*1.03,IF(AND(BK11>0,MIN($F11:$G11)<150,$E11="Enerji Fazlası"),-100*BK11*1.06,IF(AND(BK11>0,MIN($F11:$G11)>=150,$E11="Enerji Açığı"),BK11*MIN($F11:$G11)*0.97,IF(AND(BK11>0,MIN($F11:$G11)>=150,$E11="Enerji Fazlası"),BK11*MIN($F11:$G11)*0.94,IF(AND(BK11<0,MAX($F11:$G11)=4500,$E11="Enerji Açığı"),4500*1.05*1.06*BK11,IF(AND(BK11<0,MAX($F11:$G11)=4500,$E11="Enerji Fazlası"),4500*1.05*1.03*BK11,IF(AND(BK11<0,$E11="Enerji Açığı"),MAX($F11,$G11,150)*BK11*1.06,IF(AND(BK11<0,$E11="Enerji Fazlası"),MAX($F11,$G11,150)*BK11*1.03,IF(AND(BK11<0,$E11="Dengede"),MAX($F11:$G11,150)*1.03*BK11,MIN($F11:$G11)*0.97*BK11))))))))) | BM11: =BE11-BI11-BN11 | BN11: =BB11 | BO11: =BE11-BI11 | BP11: =IF(AY11=0,0,BO11/AY11) | BQ11: =MAX((AY11+MAX((-J11+L11-N11+Q11),0)),(MAX((J11-L11+N11-Q11),0))) | BR11: =IFERROR(ABS(BK11/BQ11),0) | BS11: =IF(BR11<=0.1,0,BK11/BR11*(BR11-0.1)) | BT11: =IF((BS11)<0,MAX(F11:G11)*(BS11)*1.03,MIN(F11:G11)*(BS11)*0.97) | BU11: =IF(BR11>0.1,1,0) | BV11: =BF11+BG11+BH11+BY11-CA11 | BW11: =ABS(BX11) | BX11: =AY11-(J11-L11+N11-Q11+T11-X11) | BY11: =IF(AND(BX11>0,MIN($F11:$G11)<150,$E11="Enerji Açığı"),-100*BX11*1.03,IF(AND(BX11>0,MIN($F11:$G11)<150,$E11="Enerji Fazlası"),-100*BX11*1.06,IF(AND(BX11>0,MIN($F11:$G11)>=150,$E11="Enerji Açığı"),BX11*MIN($F11:$G11)*0.97,IF(AND(BX11>0,MIN($F11:$G11)>=150,$E11="Enerji Fazlası"),BX11*MIN($F11:$G11)*0.94,IF(AND(BX11<0,MAX($F11:$G11)=4500,$E11="Enerji Açığı"),4500*1.05*1.06*BX11,IF(AND(BX11<0,MAX($F11:$G11)=4500,$E11="Enerji Fazlası"),4500*1.05*1.03*BX11,IF(AND(BX11<0,$E11="Enerji Açığı"),MAX($F11,$G11,150)*BX11*1.06,IF(AND(BX11<0,$E11="Enerji Fazlası"),MAX($F11,$G11,150)*BX11*1.03,IF(AND(BX11<0,$E11="Dengede"),MAX($F11:$G11,150)*1.03*BX11,MIN($F11:$G11)*0.97*BX11))))))))) | BZ11: =BE11-BV11-CA11 | CA11: =BD11 | CB11: =BE11-BV11 | CC11: =IF(AY11=0,0,CB11/AY11) | CD11: =MAX((AY11+MAX((-J11+L11-N11+Q11-T11+X11),0)),(MAX((J11-L11+N11-Q11+T11-X11),0))) | CE11: =IFERROR(ABS(BX11/CD11),0) | CF11: =IF(CE11<=0.1,0,BX11/CE11*(CE11-0.1)) | CG11: =IF((CF11)<0,MAX(F11:G11)*(CF11)*1.03,MIN(F11:G11)*(CF11)*0.97) | CH11: =IF(CE11>0.1,1,0) | CI11: =(F11*BX11)-BY11 | CJ11: =IF(AY11=0,0,CI11/AY11)
A12: 46204.375 | B12: 09:00 | C12: =INT(A12) | D12: =MONTH(A12) | E12: Enerji Açığı | F12: 3489.99 | G12: 3489.99 | H12: 74.96 | I12: 3318.99 | J12: 0 | K12: =F12*J12 | L12: 0 | M12: =L12*F12 | N12: 25 | O12: =F12 | P12: =N12*O12 | Q12: 0 | R12: =F12 | S12: =R12*Q12 | U12: =IFERROR(W12/T12,0) | V12: =IF(U12=0,0,U12-F12) | Y12: =IFERROR(AA12/X12,0) | Z12: =IF(Y12=0,0,F12-Y12) | AB12: 0 | AC12: 0 | AD12: =IF(AB12>AC12*1.05,AB12-AC12*1.05,IF(AB12<AC12*0.95,AC12*0.95-AB12,0)) | AE12: =MAX(F12,G12,750)*0.05*AD12 | AF12: 0 | AG12: =IF(AB12>AF12*1.05,AB12-AF12*1.05,IF(AB12<AF12*0.95,AF12*0.95-AB12,0)) | AH12: =MAX(I12,J12,750)*0.05*AG12 | AI12: 12.4 | AJ12: 10 | AK12: =IF(AI12>AJ12*1.05,AI12-AJ12*1.05,IF(AI12<AJ12*0.95,AJ12*0.95-AI12,0)) | AL12: =MAX(F12,G12,750)*0.05*AK12 | AM12: 10 | AN12: =IF(AI12>AM12*1.05,AI12-AM12*1.05,IF(AI12<AM12*0.95,AM12*0.95-AI12,0)) | AO12: =MAX(F12,G12,750)*0.05*AN12 | AP12: 13.04 | AQ12: 15 | AR12: =IF(AP12>AQ12*1.05,AP12-AQ12*1.05,IF(AP12<AQ12*0.95,AQ12*0.95-AP12,0)) | AS12: =MAX(F12:G12,750)*0.05*AR12 | AT12: 15 | AU12: =IF(AP12>AT12*1.05,AP12-AT12*1.05,IF(AP12<AT12*0.95,AT12*0.95-AP12,0)) | AV12: =MAX(F12:G12,750)*0.05*AU12 | AW12: =AC12+AJ12+AQ12 | AX12: =AF12+AM12+AT12 | AY12: =AB12+AI12+AP12 | AZ12: 0 | BA12: =AD12+AK12+AR12 | BB12: =MAX(F12:G12,750)*0.05*BA12 | BC12: =AG12+AN12+AU12 | BD12: =MAX(F12:G12,750)*0.05*BC12 | BE12: =F12*AY12 | BF12: =K12-M12 | BG12: =P12-S12 | BH12: =W12-AA12 | BI12: =BF12+BG12+BL12-BN12 | BJ12: =ABS(BK12) | BK12: =AY12-(J12-L12+N12-Q12) | BL12: =IF(AND(BK12>0,MIN($F12:$G12)<150,$E12="Enerji Açığı"),-100*BK12*1.03,IF(AND(BK12>0,MIN($F12:$G12)<150,$E12="Enerji Fazlası"),-100*BK12*1.06,IF(AND(BK12>0,MIN($F12:$G12)>=150,$E12="Enerji Açığı"),BK12*MIN($F12:$G12)*0.97,IF(AND(BK12>0,MIN($F12:$G12)>=150,$E12="Enerji Fazlası"),BK12*MIN($F12:$G12)*0.94,IF(AND(BK12<0,MAX($F12:$G12)=4500,$E12="Enerji Açığı"),4500*1.05*1.06*BK12,IF(AND(BK12<0,MAX($F12:$G12)=4500,$E12="Enerji Fazlası"),4500*1.05*1.03*BK12,IF(AND(BK12<0,$E12="Enerji Açığı"),MAX($F12,$G12,150)*BK12*1.06,IF(AND(BK12<0,$E12="Enerji Fazlası"),MAX($F12,$G12,150)*BK12*1.03,IF(AND(BK12<0,$E12="Dengede"),MAX($F12:$G12,150)*1.03*BK12,MIN($F12:$G12)*0.97*BK12))))))))) | BM12: =BE12-BI12-BN12 | BN12: =BB12 | BO12: =BE12-BI12 | BP12: =IF(AY12=0,0,BO12/AY12) | BQ12: =MAX((AY12+MAX((-J12+L12-N12+Q12),0)),(MAX((J12-L12+N12-Q12),0))) | BR12: =IFERROR(ABS(BK12/BQ12),0) | BS12: =IF(BR12<=0.1,0,BK12/BR12*(BR12-0.1)) | BT12: =IF((BS12)<0,MAX(F12:G12)*(BS12)*1.03,MIN(F12:G12)*(BS12)*0.97) | BU12: =IF(BR12>0.1,1,0) | BV12: =BF12+BG12+BH12+BY12-CA12 | BW12: =ABS(BX12) | BX12: =AY12-(J12-L12+N12-Q12+T12-X12) | BY12: =IF(AND(BX12>0,MIN($F12:$G12)<150,$E12="Enerji Açığı"),-100*BX12*1.03,IF(AND(BX12>0,MIN($F12:$G12)<150,$E12="Enerji Fazlası"),-100*BX12*1.06,IF(AND(BX12>0,MIN($F12:$G12)>=150,$E12="Enerji Açığı"),BX12*MIN($F12:$G12)*0.97,IF(AND(BX12>0,MIN($F12:$G12)>=150,$E12="Enerji Fazlası"),BX12*MIN($F12:$G12)*0.94,IF(AND(BX12<0,MAX($F12:$G12)=4500,$E12="Enerji Açığı"),4500*1.05*1.06*BX12,IF(AND(BX12<0,MAX($F12:$G12)=4500,$E12="Enerji Fazlası"),4500*1.05*1.03*BX12,IF(AND(BX12<0,$E12="Enerji Açığı"),MAX($F12,$G12,150)*BX12*1.06,IF(AND(BX12<0,$E12="Enerji Fazlası"),MAX($F12,$G12,150)*BX12*1.03,IF(AND(BX12<0,$E12="Dengede"),MAX($F12:$G12,150)*1.03*BX12,MIN($F12:$G12)*0.97*BX12))))))))) | BZ12: =BE12-BV12-CA12 | CA12: =BD12 | CB12: =BE12-BV12 | CC12: =IF(AY12=0,0,CB12/AY12) | CD12: =MAX((AY12+MAX((-J12+L12-N12+Q12-T12+X12),0)),(MAX((J12-L12+N12-Q12+T12-X12),0))) | CE12: =IFERROR(ABS(BX12/CD12),0) | CF12: =IF(CE12<=0.1,0,BX12/CE12*(CE12-0.1)) | CG12: =IF((CF12)<0,MAX(F12:G12)*(CF12)*1.03,MIN(F12:G12)*(CF12)*0.97) | CH12: =IF(CE12>0.1,1,0) | CI12: =(F12*BX12)-BY12 | CJ12: =IF(AY12=0,0,CI12/AY12)
A13: 46204.417 | B13: 10:00 | C13: =INT(A13) | D13: =MONTH(A13) | E13: Enerji Fazlası | F13: 2499.67 | G13: 400 | H13: 53.69 | I13: 2435.48 | J13: 0 | K13: =F13*J13 | L13: 0 | M13: =L13*F13 | N13: 25.3 | O13: =F13 | P13: =N13*O13 | Q13: 0 | R13: =F13 | S13: =R13*Q13 | U13: =IFERROR(W13/T13,0) | V13: =IF(U13=0,0,U13-F13) | Y13: =IFERROR(AA13/X13,0) | Z13: =IF(Y13=0,0,F13-Y13) | AB13: 0 | AC13: 0 | AD13: =IF(AB13>AC13*1.05,AB13-AC13*1.05,IF(AB13<AC13*0.95,AC13*0.95-AB13,0)) | AE13: =MAX(F13,G13,750)*0.05*AD13 | AF13: 0 | AG13: =IF(AB13>AF13*1.05,AB13-AF13*1.05,IF(AB13<AF13*0.95,AF13*0.95-AB13,0)) | AH13: =MAX(I13,J13,750)*0.05*AG13 | AI13: 11.31 | AJ13: 10 | AK13: =IF(AI13>AJ13*1.05,AI13-AJ13*1.05,IF(AI13<AJ13*0.95,AJ13*0.95-AI13,0)) | AL13: =MAX(F13,G13,750)*0.05*AK13 | AM13: 10 | AN13: =IF(AI13>AM13*1.05,AI13-AM13*1.05,IF(AI13<AM13*0.95,AM13*0.95-AI13,0)) | AO13: =MAX(F13,G13,750)*0.05*AN13 | AP13: 14.79 | AQ13: 15.3 | AR13: =IF(AP13>AQ13*1.05,AP13-AQ13*1.05,IF(AP13<AQ13*0.95,AQ13*0.95-AP13,0)) | AS13: =MAX(F13:G13,750)*0.05*AR13 | AT13: 15.3 | AU13: =IF(AP13>AT13*1.05,AP13-AT13*1.05,IF(AP13<AT13*0.95,AT13*0.95-AP13,0)) | AV13: =MAX(F13:G13,750)*0.05*AU13 | AW13: =AC13+AJ13+AQ13 | AX13: =AF13+AM13+AT13 | AY13: =AB13+AI13+AP13 | AZ13: 0 | BA13: =AD13+AK13+AR13 | BB13: =MAX(F13:G13,750)*0.05*BA13 | BC13: =AG13+AN13+AU13 | BD13: =MAX(F13:G13,750)*0.05*BC13 | BE13: =F13*AY13 | BF13: =K13-M13 | BG13: =P13-S13 | BH13: =W13-AA13 | BI13: =BF13+BG13+BL13-BN13 | BJ13: =ABS(BK13) | BK13: =AY13-(J13-L13+N13-Q13) | BL13: =IF(AND(BK13>0,MIN($F13:$G13)<150,$E13="Enerji Açığı"),-100*BK13*1.03,IF(AND(BK13>0,MIN($F13:$G13)<150,$E13="Enerji Fazlası"),-100*BK13*1.06,IF(AND(BK13>0,MIN($F13:$G13)>=150,$E13="Enerji Açığı"),BK13*MIN($F13:$G13)*0.97,IF(AND(BK13>0,MIN($F13:$G13)>=150,$E13="Enerji Fazlası"),BK13*MIN($F13:$G13)*0.94,IF(AND(BK13<0,MAX($F13:$G13)=4500,$E13="Enerji Açığı"),4500*1.05*1.06*BK13,IF(AND(BK13<0,MAX($F13:$G13)=4500,$E13="Enerji Fazlası"),4500*1.05*1.03*BK13,IF(AND(BK13<0,$E13="Enerji Açığı"),MAX($F13,$G13,150)*BK13*1.06,IF(AND(BK13<0,$E13="Enerji Fazlası"),MAX($F13,$G13,150)*BK13*1.03,IF(AND(BK13<0,$E13="Dengede"),MAX($F13:$G13,150)*1.03*BK13,MIN($F13:$G13)*0.97*BK13))))))))) | BM13: =BE13-BI13-BN13 | BN13: =BB13 | BO13: =BE13-BI13 | BP13: =IF(AY13=0,0,BO13/AY13) | BQ13: =MAX((AY13+MAX((-J13+L13-N13+Q13),0)),(MAX((J13-L13+N13-Q13),0))) | BR13: =IFERROR(ABS(BK13/BQ13),0) | BS13: =IF(BR13<=0.1,0,BK13/BR13*(BR13-0.1)) | BT13: =IF((BS13)<0,MAX(F13:G13)*(BS13)*1.03,MIN(F13:G13)*(BS13)*0.97) | BU13: =IF(BR13>0.1,1,0) | BV13: =BF13+BG13+BH13+BY13-CA13 | BW13: =ABS(BX13) | BX13: =AY13-(J13-L13+N13-Q13+T13-X13) | BY13: =IF(AND(BX13>0,MIN($F13:$G13)<150,$E13="Enerji Açığı"),-100*BX13*1.03,IF(AND(BX13>0,MIN($F13:$G13)<150,$E13="Enerji Fazlası"),-100*BX13*1.06,IF(AND(BX13>0,MIN($F13:$G13)>=150,$E13="Enerji Açığı"),BX13*MIN($F13:$G13)*0.97,IF(AND(BX13>0,MIN($F13:$G13)>=150,$E13="Enerji Fazlası"),BX13*MIN($F13:$G13)*0.94,IF(AND(BX13<0,MAX($F13:$G13)=4500,$E13="Enerji Açığı"),4500*1.05*1.06*BX13,IF(AND(BX13<0,MAX($F13:$G13)=4500,$E13="Enerji Fazlası"),4500*1.05*1.03*BX13,IF(AND(BX13<0,$E13="Enerji Açığı"),MAX($F13,$G13,150)*BX13*1.06,IF(AND(BX13<0,$E13="Enerji Fazlası"),MAX($F13,$G13,150)*BX13*1.03,IF(AND(BX13<0,$E13="Dengede"),MAX($F13:$G13,150)*1.03*BX13,MIN($F13:$G13)*0.97*BX13))))))))) | BZ13: =BE13-BV13-CA13 | CA13: =BD13 | CB13: =BE13-BV13 | CC13: =IF(AY13=0,0,CB13/AY13) | CD13: =MAX((AY13+MAX((-J13+L13-N13+Q13-T13+X13),0)),(MAX((J13-L13+N13-Q13+T13-X13),0))) | CE13: =IFERROR(ABS(BX13/CD13),0) | CF13: =IF(CE13<=0.1,0,BX13/CE13*(CE13-0.1)) | CG13: =IF((CF13)<0,MAX(F13:G13)*(CF13)*1.03,MIN(F13:G13)*(CF13)*0.97) | CH13: =IF(CE13>0.1,1,0) | CI13: =(F13*BX13)-BY13 | CJ13: =IF(AY13=0,0,CI13/AY13)
A14: 46204.458 | B14: 11:00 | C14: =INT(A14) | D14: =MONTH(A14) | E14: Enerji Fazlası | F14: 2429.01 | G14: 500 | H14: 52.17 | I14: 1772.46 | J14: 0 | K14: =F14*J14 | L14: 0 | M14: =L14*F14 | N14: 25.3 | O14: =F14 | P14: =N14*O14 | Q14: 0 | R14: =F14 | S14: =R14*Q14 | U14: =IFERROR(W14/T14,0) | V14: =IF(U14=0,0,U14-F14) | Y14: =IFERROR(AA14/X14,0) | Z14: =IF(Y14=0,0,F14-Y14) | AB14: 0 | AC14: 0 | AD14: =IF(AB14>AC14*1.05,AB14-AC14*1.05,IF(AB14<AC14*0.95,AC14*0.95-AB14,0)) | AE14: =MAX(F14,G14,750)*0.05*AD14 | AF14: 0 | AG14: =IF(AB14>AF14*1.05,AB14-AF14*1.05,IF(AB14<AF14*0.95,AF14*0.95-AB14,0)) | AH14: =MAX(I14,J14,750)*0.05*AG14 | AI14: 10.35 | AJ14: 10 | AK14: =IF(AI14>AJ14*1.05,AI14-AJ14*1.05,IF(AI14<AJ14*0.95,AJ14*0.95-AI14,0)) | AL14: =MAX(F14,G14,750)*0.05*AK14 | AM14: 10 | AN14: =IF(AI14>AM14*1.05,AI14-AM14*1.05,IF(AI14<AM14*0.95,AM14*0.95-AI14,0)) | AO14: =MAX(F14,G14,750)*0.05*AN14 | AP14: 15.63 | AQ14: 15.3 | AR14: =IF(AP14>AQ14*1.05,AP14-AQ14*1.05,IF(AP14<AQ14*0.95,AQ14*0.95-AP14,0)) | AS14: =MAX(F14:G14,750)*0.05*AR14 | AT14: 15.3 | AU14: =IF(AP14>AT14*1.05,AP14-AT14*1.05,IF(AP14<AT14*0.95,AT14*0.95-AP14,0)) | AV14: =MAX(F14:G14,750)*0.05*AU14 | AW14: =AC14+AJ14+AQ14 | AX14: =AF14+AM14+AT14 | AY14: =AB14+AI14+AP14 | AZ14: 0 | BA14: =AD14+AK14+AR14 | BB14: =MAX(F14:G14,750)*0.05*BA14 | BC14: =AG14+AN14+AU14 | BD14: =MAX(F14:G14,750)*0.05*BC14 | BE14: =F14*AY14 | BF14: =K14-M14 | BG14: =P14-S14 | BH14: =W14-AA14 | BI14: =BF14+BG14+BL14-BN14 | BJ14: =ABS(BK14) | BK14: =AY14-(J14-L14+N14-Q14) | BL14: =IF(AND(BK14>0,MIN($F14:$G14)<150,$E14="Enerji Açığı"),-100*BK14*1.03,IF(AND(BK14>0,MIN($F14:$G14)<150,$E14="Enerji Fazlası"),-100*BK14*1.06,IF(AND(BK14>0,MIN($F14:$G14)>=150,$E14="Enerji Açığı"),BK14*MIN($F14:$G14)*0.97,IF(AND(BK14>0,MIN($F14:$G14)>=150,$E14="Enerji Fazlası"),BK14*MIN($F14:$G14)*0.94,IF(AND(BK14<0,MAX($F14:$G14)=4500,$E14="Enerji Açığı"),4500*1.05*1.06*BK14,IF(AND(BK14<0,MAX($F14:$G14)=4500,$E14="Enerji Fazlası"),4500*1.05*1.03*BK14,IF(AND(BK14<0,$E14="Enerji Açığı"),MAX($F14,$G14,150)*BK14*1.06,IF(AND(BK14<0,$E14="Enerji Fazlası"),MAX($F14,$G14,150)*BK14*1.03,IF(AND(BK14<0,$E14="Dengede"),MAX($F14:$G14,150)*1.03*BK14,MIN($F14:$G14)*0.97*BK14))))))))) | BM14: =BE14-BI14-BN14 | BN14: =BB14 | BO14: =BE14-BI14 | BP14: =IF(AY14=0,0,BO14/AY14) | BQ14: =MAX((AY14+MAX((-J14+L14-N14+Q14),0)),(MAX((J14-L14+N14-Q14),0))) | BR14: =IFERROR(ABS(BK14/BQ14),0) | BS14: =IF(BR14<=0.1,0,BK14/BR14*(BR14-0.1)) | BT14: =IF((BS14)<0,MAX(F14:G14)*(BS14)*1.03,MIN(F14:G14)*(BS14)*0.97) | BU14: =IF(BR14>0.1,1,0) | BV14: =BF14+BG14+BH14+BY14-CA14 | BW14: =ABS(BX14) | BX14: =AY14-(J14-L14+N14-Q14+T14-X14) | BY14: =IF(AND(BX14>0,MIN($F14:$G14)<150,$E14="Enerji Açığı"),-100*BX14*1.03,IF(AND(BX14>0,MIN($F14:$G14)<150,$E14="Enerji Fazlası"),-100*BX14*1.06,IF(AND(BX14>0,MIN($F14:$G14)>=150,$E14="Enerji Açığı"),BX14*MIN($F14:$G14)*0.97,IF(AND(BX14>0,MIN($F14:$G14)>=150,$E14="Enerji Fazlası"),BX14*MIN($F14:$G14)*0.94,IF(AND(BX14<0,MAX($F14:$G14)=4500,$E14="Enerji Açığı"),4500*1.05*1.06*BX14,IF(AND(BX14<0,MAX($F14:$G14)=4500,$E14="Enerji Fazlası"),4500*1.05*1.03*BX14,IF(AND(BX14<0,$E14="Enerji Açığı"),MAX($F14,$G14,150)*BX14*1.06,IF(AND(BX14<0,$E14="Enerji Fazlası"),MAX($F14,$G14,150)*BX14*1.03,IF(AND(BX14<0,$E14="Dengede"),MAX($F14:$G14,150)*1.03*BX14,MIN($F14:$G14)*0.97*BX14))))))))) | BZ14: =BE14-BV14-CA14 | CA14: =BD14 | CB14: =BE14-BV14 | CC14: =IF(AY14=0,0,CB14/AY14) | CD14: =MAX((AY14+MAX((-J14+L14-N14+Q14-T14+X14),0)),(MAX((J14-L14+N14-Q14+T14-X14),0))) | CE14: =IFERROR(ABS(BX14/CD14),0) | CF14: =IF(CE14<=0.1,0,BX14/CE14*(CE14-0.1)) | CG14: =IF((CF14)<0,MAX(F14:G14)*(CF14)*1.03,MIN(F14:G14)*(CF14)*0.97) | CH14: =IF(CE14>0.1,1,0) | CI14: =(F14*BX14)-BY14 | CJ14: =IF(AY14=0,0,CI14/AY14)
... A24: 46204.875 | B24: 21:00 | C24: =INT(A24) | D24: =MONTH(A24) | E24: Enerji Açığı | F24: 4300 | G24: 4450 | H24: 92.36 | I24: 4202.66 | J24: 0 | K24: =F24*J24 | L24: 0 | M24: =L24*F24 | N24: 21 | O24: =F24 | P24: =N24*O24 | Q24: 0 | R24: =F24 | S24: =R24*Q24 | U24: =IFERROR(W24/T24,0) | V24: =IF(U24=0,0,U24-F24) | Y24: =IFERROR(AA24/X24,0) | Z24: =IF(Y24=0,0,F24-Y24) | AB24: 0 | AC24: 0 | AD24: =IF(AB24>AC24*1.05,AB24-AC24*1.05,IF(AB24<AC24*0.95,AC24*0.95-AB24,0)) | AE24: =MAX(F24,G24,750)*0.05*AD24 | AF24: 0 | AG24: =IF(AB24>AF24*1.05,AB24-AF24*1.05,IF(AB24<AF24*0.95,AF24*0.95-AB24,0)) | AH24: =MAX(I24,J24,750)*0.05*AG24 | AI24: 13.28 | AJ24: 9 | AK24: =IF(AI24>AJ24*1.05,AI24-AJ24*1.05,IF(AI24<AJ24*0.95,AJ24*0.95-AI24,0)) | AL24: =MAX(F24,G24,750)*0.05*AK24 | AM24: 13 | AN24: =IF(AI24>AM24*1.05,AI24-AM24*1.05,IF(AI24<AM24*0.95,AM24*0.95-AI24,0)) | AO24: =MAX(F24,G24,750)*0.05*AN24 | AP24: 15.14 | AQ24: 12 | AR24: =IF(AP24>AQ24*1.05,AP24-AQ24*1.05,IF(AP24<AQ24*0.95,AQ24*0.95-AP24,0)) | AS24: =MAX(F24:G24,750)*0.05*AR24 | AT24: 15 | AU24: =IF(AP24>AT24*1.05,AP24-AT24*1.05,IF(AP24<AT24*0.95,AT24*0.95-AP24,0)) | AV24: =MAX(F24:G24,750)*0.05*AU24 | AW24: =AC24+AJ24+AQ24 | AX24: =AF24+AM24+AT24 | AY24: =AB24+AI24+AP24 | AZ24: 0 | BA24: =AD24+AK24+AR24 | BB24: =MAX(F24:G24,750)*0.05*BA24 | BC24: =AG24+AN24+AU24 | BD24: =MAX(F24:G24,750)*0.05*BC24 | BE24: =F24*AY24 | BF24: =K24-M24 | BG24: =P24-S24 | BH24: =W24-AA24 | BI24: =BF24+BG24+BL24-BN24 | BJ24: =ABS(BK24) | BK24: =AY24-(J24-L24+N24-Q24) | BL24: =IF(AND(BK24>0,MIN($F24:$G24)<150,$E24="Enerji Açığı"),-100*BK24*1.03,IF(AND(BK24>0,MIN($F24:$G24)<150,$E24="Enerji Fazlası"),-100*BK24*1.06,IF(AND(BK24>0,MIN($F24:$G24)>=150,$E24="Enerji Açığı"),BK24*MIN($F24:$G24)*0.97,IF(AND(BK24>0,MIN($F24:$G24)>=150,$E24="Enerji Fazlası"),BK24*MIN($F24:$G24)*0.94,IF(AND(BK24<0,MAX($F24:$G24)=4500,$E24="Enerji Açığı"),4500*1.05*1.06*BK24,IF(AND(BK24<0,MAX($F24:$G24)=4500,$E24="Enerji Fazlası"),4500*1.05*1.03*BK24,IF(AND(BK24<0,$E24="Enerji Açığı"),MAX($F24,$G24,150)*BK24*1.06,IF(AND(BK24<0,$E24="Enerji Fazlası"),MAX($F24,$G24,150)*BK24*1.03,IF(AND(BK24<0,$E24="Dengede"),MAX($F24:$G24,150)*1.03*BK24,MIN($F24:$G24)*0.97*BK24))))))))) | BM24: =BE24-BI24-BN24 | BN24: =BB24 | BO24: =BE24-BI24 | BP24: =IF(AY24=0,0,BO24/AY24) | BQ24: =MAX((AY24+MAX((-J24+L24-N24+Q24),0)),(MAX((J24-L24+N24-Q24),0))) | BR24: =IFERROR(ABS(BK24/BQ24),0) | BS24: =IF(BR24<=0.1,0,BK24/BR24*(BR24-0.1)) | BT24: =IF((BS24)<0,MAX(F24:G24)*(BS24)*1.03,MIN(F24:G24)*(BS24)*0.97) | BU24: =IF(BR24>0.1,1,0) | BV24: =BF24+BG24+BH24+BY24-CA24 | BW24: =ABS(BX24) | BX24: =AY24-(J24-L24+N24-Q24+T24-X24) | BY24: =IF(AND(BX24>0,MIN($F24:$G24)<150,$E24="Enerji Açığı"),-100*BX24*1.03,IF(AND(BX24>0,MIN($F24:$G24)<150,$E24="Enerji Fazlası"),-100*BX24*1.06,IF(AND(BX24>0,MIN($F24:$G24)>=150,$E24="Enerji Açığı"),BX24*MIN($F24:$G24)*0.97,IF(AND(BX24>0,MIN($F24:$G24)>=150,$E24="Enerji Fazlası"),BX24*MIN($F24:$G24)*0.94,IF(AND(BX24<0,MAX($F24:$G24)=4500,$E24="Enerji Açığı"),4500*1.05*1.06*BX24,IF(AND(BX24<0,MAX($F24:$G24)=4500,$E24="Enerji Fazlası"),4500*1.05*1.03*BX24,IF(AND(BX24<0,$E24="Enerji Açığı"),MAX($F24,$G24,150)*BX24*1.06,IF(AND(BX24<0,$E24="Enerji Fazlası"),MAX($F24,$G24,150)*BX24*1.03,IF(AND(BX24<0,$E24="Dengede"),MAX($F24:$G24,150)*1.03*BX24,MIN($F24:$G24)*0.97*BX24))))))))) | BZ24: =BE24-BV24-CA24 | CA24: =BD24 | CB24: =BE24-BV24 | CC24: =IF(AY24=0,0,CB24/AY24) | CD24: =MAX((AY24+MAX((-J24+L24-N24+Q24-T24+X24),0)),(MAX((J24-L24+N24-Q24+T24-X24),0))) | CE24: =IFERROR(ABS(BX24/CD24),0) | CF24: =IF(CE24<=0.1,0,BX24/CE24*(CE24-0.1)) | CG24: =IF((CF24)<0,MAX(F24:G24)*(CF24)*1.03,MIN(F24:G24)*(CF24)*0.97) | CH24: =IF(CE24>0.1,1,0) | CI24: =(F24*BX24)-BY24 | CJ24: =IF(AY24=0,0,CI24/AY24)
A25: 46204.917 | B25: 22:00 | C25: =INT(A25) | D25: =MONTH(A25) | E25: Enerji Açığı | F25: 3700.63 | G25: 4198 | H25: 79.49 | I25: 3627.23 | J25: 0 | K25: =F25*J25 | L25: 0 | M25: =L25*F25 | N25: 21 | O25: =F25 | P25: =N25*O25 | Q25: 0 | R25: =F25 | S25: =R25*Q25 | U25: =IFERROR(W25/T25,0) | V25: =IF(U25=0,0,U25-F25) | Y25: =IFERROR(AA25/X25,0) | Z25: =IF(Y25=0,0,F25-Y25) | AB25: 0 | AC25: 0 | AD25: =IF(AB25>AC25*1.05,AB25-AC25*1.05,IF(AB25<AC25*0.95,AC25*0.95-AB25,0)) | AE25: =MAX(F25,G25,750)*0.05*AD25 | AF25: 0 | AG25: =IF(AB25>AF25*1.05,AB25-AF25*1.05,IF(AB25<AF25*0.95,AF25*0.95-AB25,0)) | AH25: =MAX(I25,J25,750)*0.05*AG25 | AI25: 13.22 | AJ25: 9 | AK25: =IF(AI25>AJ25*1.05,AI25-AJ25*1.05,IF(AI25<AJ25*0.95,AJ25*0.95-AI25,0)) | AL25: =MAX(F25,G25,750)*0.05*AK25 | AM25: 13 | AN25: =IF(AI25>AM25*1.05,AI25-AM25*1.05,IF(AI25<AM25*0.95,AM25*0.95-AI25,0)) | AO25: =MAX(F25,G25,750)*0.05*AN25 | AP25: 15.13 | AQ25: 12 | AR25: =IF(AP25>AQ25*1.05,AP25-AQ25*1.05,IF(AP25<AQ25*0.95,AQ25*0.95-AP25,0)) | AS25: =MAX(F25:G25,750)*0.05*AR25 | AT25: 15 | AU25: =IF(AP25>AT25*1.05,AP25-AT25*1.05,IF(AP25<AT25*0.95,AT25*0.95-AP25,0)) | AV25: =MAX(F25:G25,750)*0.05*AU25 | AW25: =AC25+AJ25+AQ25 | AX25: =AF25+AM25+AT25 | AY25: =AB25+AI25+AP25 | AZ25: 0 | BA25: =AD25+AK25+AR25 | BB25: =MAX(F25:G25,750)*0.05*BA25 | BC25: =AG25+AN25+AU25 | BD25: =MAX(F25:G25,750)*0.05*BC25 | BE25: =F25*AY25 | BF25: =K25-M25 | BG25: =P25-S25 | BH25: =W25-AA25 | BI25: =BF25+BG25+BL25-BN25 | BJ25: =ABS(BK25) | BK25: =AY25-(J25-L25+N25-Q25) | BL25: =IF(AND(BK25>0,MIN($F25:$G25)<150,$E25="Enerji Açığı"),-100*BK25*1.03,IF(AND(BK25>0,MIN($F25:$G25)<150,$E25="Enerji Fazlası"),-100*BK25*1.06,IF(AND(BK25>0,MIN($F25:$G25)>=150,$E25="Enerji Açığı"),BK25*MIN($F25:$G25)*0.97,IF(AND(BK25>0,MIN($F25:$G25)>=150,$E25="Enerji Fazlası"),BK25*MIN($F25:$G25)*0.94,IF(AND(BK25<0,MAX($F25:$G25)=4500,$E25="Enerji Açığı"),4500*1.05*1.06*BK25,IF(AND(BK25<0,MAX($F25:$G25)=4500,$E25="Enerji Fazlası"),4500*1.05*1.03*BK25,IF(AND(BK25<0,$E25="Enerji Açığı"),MAX($F25,$G25,150)*BK25*1.06,IF(AND(BK25<0,$E25="Enerji Fazlası"),MAX($F25,$G25,150)*BK25*1.03,IF(AND(BK25<0,$E25="Dengede"),MAX($F25:$G25,150)*1.03*BK25,MIN($F25:$G25)*0.97*BK25))))))))) | BM25: =BE25-BI25-BN25 | BN25: =BB25 | BO25: =BE25-BI25 | BP25: =IF(AY25=0,0,BO25/AY25) | BQ25: =MAX((AY25+MAX((-J25+L25-N25+Q25),0)),(MAX((J25-L25+N25-Q25),0))) | BR25: =IFERROR(ABS(BK25/BQ25),0) | BS25: =IF(BR25<=0.1,0,BK25/BR25*(BR25-0.1)) | BT25: =IF((BS25)<0,MAX(F25:G25)*(BS25)*1.03,MIN(F25:G25)*(BS25)*0.97) | BU25: =IF(BR25>0.1,1,0) | BV25: =BF25+BG25+BH25+BY25-CA25 | BW25: =ABS(BX25) | BX25: =AY25-(J25-L25+N25-Q25+T25-X25) | BY25: =IF(AND(BX25>0,MIN($F25:$G25)<150,$E25="Enerji Açığı"),-100*BX25*1.03,IF(AND(BX25>0,MIN($F25:$G25)<150,$E25="Enerji Fazlası"),-100*BX25*1.06,IF(AND(BX25>0,MIN($F25:$G25)>=150,$E25="Enerji Açığı"),BX25*MIN($F25:$G25)*0.97,IF(AND(BX25>0,MIN($F25:$G25)>=150,$E25="Enerji Fazlası"),BX25*MIN($F25:$G25)*0.94,IF(AND(BX25<0,MAX($F25:$G25)=4500,$E25="Enerji Açığı"),4500*1.05*1.06*BX25,IF(AND(BX25<0,MAX($F25:$G25)=4500,$E25="Enerji Fazlası"),4500*1.05*1.03*BX25,IF(AND(BX25<0,$E25="Enerji Açığı"),MAX($F25,$G25,150)*BX25*1.06,IF(AND(BX25<0,$E25="Enerji Fazlası"),MAX($F25,$G25,150)*BX25*1.03,IF(AND(BX25<0,$E25="Dengede"),MAX($F25:$G25,150)*1.03*BX25,MIN($F25:$G25)*0.97*BX25))))))))) | BZ25: =BE25-BV25-CA25 | CA25: =BD25 | CB25: =BE25-BV25 | CC25: =IF(AY25=0,0,CB25/AY25) | CD25: =MAX((AY25+MAX((-J25+L25-N25+Q25-T25+X25),0)),(MAX((J25-L25+N25-Q25+T25-X25),0))) | CE25: =IFERROR(ABS(BX25/CD25),0) | CF25: =IF(CE25<=0.1,0,BX25/CE25*(CE25-0.1)) | CG25: =IF((CF25)<0,MAX(F25:G25)*(CF25)*1.03,MIN(F25:G25)*(CF25)*0.97) | CH25: =IF(CE25>0.1,1,0) | CI25: =(F25*BX25)-BY25 | CJ25: =IF(AY25=0,0,CI25/AY25) | CK25: l
A26: 46204.958 | B26: 23:00 | C26: =INT(A26) | D26: =MONTH(A26) | E26: Enerji Açığı | F26: 4000 | G26: 4180 | H26: 85.92 | I26: 3582.93 | J26: 0 | K26: =F26*J26 | L26: 0 | M26: =L26*F26 | N26: 21 | O26: =F26 | P26: =N26*O26 | Q26: 0 | R26: =F26 | S26: =R26*Q26 | U26: =IFERROR(W26/T26,0) | V26: =IF(U26=0,0,U26-F26) | Y26: =IFERROR(AA26/X26,0) | Z26: =IF(Y26=0,0,F26-Y26) | AB26: 0 | AC26: 0 | AD26: =IF(AB26>AC26*1.05,AB26-AC26*1.05,IF(AB26<AC26*0.95,AC26*0.95-AB26,0)) | AE26: =MAX(F26,G26,750)*0.05*AD26 | AF26: 0 | AG26: =IF(AB26>AF26*1.05,AB26-AF26*1.05,IF(AB26<AF26*0.95,AF26*0.95-AB26,0)) | AH26: =MAX(I26,J26,750)*0.05*AG26 | AI26: 12.22 | AJ26: 9 | AK26: =IF(AI26>AJ26*1.05,AI26-AJ26*1.05,IF(AI26<AJ26*0.95,AJ26*0.95-AI26,0)) | AL26: =MAX(F26,G26,750)*0.05*AK26 | AM26: 12 | AN26: =IF(AI26>AM26*1.05,AI26-AM26*1.05,IF(AI26<AM26*0.95,AM26*0.95-AI26,0)) | AO26: =MAX(F26,G26,750)*0.05*AN26 | AP26: 15.08 | AQ26: 12 | AR26: =IF(AP26>AQ26*1.05,AP26-AQ26*1.05,IF(AP26<AQ26*0.95,AQ26*0.95-AP26,0)) | AS26: =MAX(F26:G26,750)*0.05*AR26 | AT26: 15 | AU26: =IF(AP26>AT26*1.05,AP26-AT26*1.05,IF(AP26<AT26*0.95,AT26*0.95-AP26,0)) | AV26: =MAX(F26:G26,750)*0.05*AU26 | AW26: =AC26+AJ26+AQ26 | AX26: =AF26+AM26+AT26 | AY26: =AB26+AI26+AP26 | AZ26: 0 | BA26: =AD26+AK26+AR26 | BB26: =MAX(F26:G26,750)*0.05*BA26 | BC26: =AG26+AN26+AU26 | BD26: =MAX(F26:G26,750)*0.05*BC26 | BE26: =F26*AY26 | BF26: =K26-M26 | BG26: =P26-S26 | BH26: =W26-AA26 | BI26: =BF26+BG26+BL26-BN26 | BJ26: =ABS(BK26) | BK26: =AY26-(J26-L26+N26-Q26) | BL26: =IF(AND(BK26>0,MIN($F26:$G26)<150,$E26="Enerji Açığı"),-100*BK26*1.03,IF(AND(BK26>0,MIN($F26:$G26)<150,$E26="Enerji Fazlası"),-100*BK26*1.06,IF(AND(BK26>0,MIN($F26:$G26)>=150,$E26="Enerji Açığı"),BK26*MIN($F26:$G26)*0.97,IF(AND(BK26>0,MIN($F26:$G26)>=150,$E26="Enerji Fazlası"),BK26*MIN($F26:$G26)*0.94,IF(AND(BK26<0,MAX($F26:$G26)=4500,$E26="Enerji Açığı"),4500*1.05*1.06*BK26,IF(AND(BK26<0,MAX($F26:$G26)=4500,$E26="Enerji Fazlası"),4500*1.05*1.03*BK26,IF(AND(BK26<0,$E26="Enerji Açığı"),MAX($F26,$G26,150)*BK26*1.06,IF(AND(BK26<0,$E26="Enerji Fazlası"),MAX($F26,$G26,150)*BK26*1.03,IF(AND(BK26<0,$E26="Dengede"),MAX($F26:$G26,150)*1.03*BK26,MIN($F26:$G26)*0.97*BK26))))))))) | BM26: =BE26-BI26-BN26 | BN26: =BB26 | BO26: =BE26-BI26 | BP26: =IF(AY26=0,0,BO26/AY26) | BQ26: =MAX((AY26+MAX((-J26+L26-N26+Q26),0)),(MAX((J26-L26+N26-Q26),0))) | BR26: =IFERROR(ABS(BK26/BQ26),0) | BS26: =IF(BR26<=0.1,0,BK26/BR26*(BR26-0.1)) | BT26: =IF((BS26)<0,MAX(F26:G26)*(BS26)*1.03,MIN(F26:G26)*(BS26)*0.97) | BU26: =IF(BR26>0.1,1,0) | BV26: =BF26+BG26+BH26+BY26-CA26 | BW26: =ABS(BX26) | BX26: =AY26-(J26-L26+N26-Q26+T26-X26) | BY26: =IF(AND(BX26>0,MIN($F26:$G26)<150,$E26="Enerji Açığı"),-100*BX26*1.03,IF(AND(BX26>0,MIN($F26:$G26)<150,$E26="Enerji Fazlası"),-100*BX26*1.06,IF(AND(BX26>0,MIN($F26:$G26)>=150,$E26="Enerji Açığı"),BX26*MIN($F26:$G26)*0.97,IF(AND(BX26>0,MIN($F26:$G26)>=150,$E26="Enerji Fazlası"),BX26*MIN($F26:$G26)*0.94,IF(AND(BX26<0,MAX($F26:$G26)=4500,$E26="Enerji Açığı"),4500*1.05*1.06*BX26,IF(AND(BX26<0,MAX($F26:$G26)=4500,$E26="Enerji Fazlası"),4500*1.05*1.03*BX26,IF(AND(BX26<0,$E26="Enerji Açığı"),MAX($F26,$G26,150)*BX26*1.06,IF(AND(BX26<0,$E26="Enerji Fazlası"),MAX($F26,$G26,150)*BX26*1.03,IF(AND(BX26<0,$E26="Dengede"),MAX($F26:$G26,150)*1.03*BX26,MIN($F26:$G26)*0.97*BX26))))))))) | BZ26: =BE26-BV26-CA26 | CA26: =BD26 | CB26: =BE26-BV26 | CC26: =IF(AY26=0,0,CB26/AY26) | CD26: =MAX((AY26+MAX((-J26+L26-N26+Q26-T26+X26),0)),(MAX((J26-L26+N26-Q26+T26-X26),0))) | CE26: =IFERROR(ABS(BX26/CD26),0) | CF26: =IF(CE26<=0.1,0,BX26/CE26*(CE26-0.1)) | CG26: =IF((CF26)<0,MAX(F26:G26)*(CF26)*1.03,MIN(F26:G26)*(CF26)*0.97) | CH26: =IF(CE26>0.1,1,0) | CI26: =(F26*BX26)-BY26 | CJ26: =IF(AY26=0,0,CI26/AY26)
A27: 46205 | B27: 00:00 | C27: =INT(A27) | D27: =MONTH(A27) | E27: Enerji Açığı | F27: 3743 | G27: 3800 | H27: 80.37 | I27: 3866.2 | J27: 0 | K27: =F27*J27 | L27: 0 | M27: =L27*F27 | N27: 16 | O27: =F27 | P27: =N27*O27 | Q27: 0 | R27: =F27 | S27: =R27*Q27 | U27: =IFERROR(W27/T27,0) | V27: =IF(U27=0,0,U27-F27) | Y27: =IFERROR(AA27/X27,0) | Z27: =IF(Y27=0,0,F27-Y27) | AB27: 0 | AC27: 0 | AD27: =IF(AB27>AC27*1.05,AB27-AC27*1.05,IF(AB27<AC27*0.95,AC27*0.95-AB27,0)) | AE27: =MAX(F27,G27,750)*0.05*AD27 | AF27: 0 | AG27: =IF(AB27>AF27*1.05,AB27-AF27*1.05,IF(AB27<AF27*0.95,AF27*0.95-AB27,0)) | AH27: =MAX(I27,J27,750)*0.05*AG27 | AI27: 9.43 | AJ27: 7 | AK27: =IF(AI27>AJ27*1.05,AI27-AJ27*1.05,IF(AI27<AJ27*0.95,AJ27*0.95-AI27,0)) | AL27: =MAX(F27,G27,750)*0.05*AK27 | AM27: 9 | AN27: =IF(AI27>AM27*1.05,AI27-AM27*1.05,IF(AI27<AM27*0.95,AM27*0.95-AI27,0)) | AO27: =MAX(F27,G27,750)*0.05*AN27 | AP27: 13.31 | AQ27: 9 | AR27: =IF(AP27>AQ27*1.05,AP27-AQ27*1.05,IF(AP27<AQ27*0.95,AQ27*0.95-AP27,0)) | AS27: =MAX(F27:G27,750)*0.05*AR27 | AT27: 13 | AU27: =IF(AP27>AT27*1.05,AP27-AT27*1.05,IF(AP27<AT27*0.95,AT27*0.95-AP27,0)) | AV27: =MAX(F27:G27,750)*0.05*AU27 | AW27: =AC27+AJ27+AQ27 | AX27: =AF27+AM27+AT27 | AY27: =AB27+AI27+AP27 | AZ27: 0 | BA27: =AD27+AK27+AR27 | BB27: =MAX(F27:G27,750)*0.05*BA27 | BC27: =AG27+AN27+AU27 | BD27: =MAX(F27:G27,750)*0.05*BC27 | BE27: =F27*AY27 | BF27: =K27-M27 | BG27: =P27-S27 | BH27: =W27-AA27 | BI27: =BF27+BG27+BL27-BN27 | BJ27: =ABS(BK27) | BK27: =AY27-(J27-L27+N27-Q27) | BL27: =IF(AND(BK27>0,MIN($F27:$G27)<150,$E27="Enerji Açığı"),-100*BK27*1.03,IF(AND(BK27>0,MIN($F27:$G27)<150,$E27="Enerji Fazlası"),-100*BK27*1.06,IF(AND(BK27>0,MIN($F27:$G27)>=150,$E27="Enerji Açığı"),BK27*MIN($F27:$G27)*0.97,IF(AND(BK27>0,MIN($F27:$G27)>=150,$E27="Enerji Fazlası"),BK27*MIN($F27:$G27)*0.94,IF(AND(BK27<0,MAX($F27:$G27)=4500,$E27="Enerji Açığı"),4500*1.05*1.06*BK27,IF(AND(BK27<0,MAX($F27:$G27)=4500,$E27="Enerji Fazlası"),4500*1.05*1.03*BK27,IF(AND(BK27<0,$E27="Enerji Açığı"),MAX($F27,$G27,150)*BK27*1.06,IF(AND(BK27<0,$E27="Enerji Fazlası"),MAX($F27,$G27,150)*BK27*1.03,IF(AND(BK27<0,$E27="Dengede"),MAX($F27:$G27,150)*1.03*BK27,MIN($F27:$G27)*0.97*BK27))))))))) | BM27: =BE27-BI27-BN27 | BN27: =BB27 | BO27: =BE27-BI27 | BP27: =IF(AY27=0,0,BO27/AY27) | BQ27: =MAX((AY27+MAX((-J27+L27-N27+Q27),0)),(MAX((J27-L27+N27-Q27),0))) | BR27: =IFERROR(ABS(BK27/BQ27),0) | BS27: =IF(BR27<=0.1,0,BK27/BR27*(BR27-0.1)) | BT27: =IF((BS27)<0,MAX(F27:G27)*(BS27)*1.03,MIN(F27:G27)*(BS27)*0.97) | BU27: =IF(BR27>0.1,1,0) | BV27: =BF27+BG27+BH27+BY27-CA27 | BW27: =ABS(BX27) | BX27: =AY27-(J27-L27+N27-Q27+T27-X27) | BY27: =IF(AND(BX27>0,MIN($F27:$G27)<150,$E27="Enerji Açığı"),-100*BX27*1.03,IF(AND(BX27>0,MIN($F27:$G27)<150,$E27="Enerji Fazlası"),-100*BX27*1.06,IF(AND(BX27>0,MIN($F27:$G27)>=150,$E27="Enerji Açığı"),BX27*MIN($F27:$G27)*0.97,IF(AND(BX27>0,MIN($F27:$G27)>=150,$E27="Enerji Fazlası"),BX27*MIN($F27:$G27)*0.94,IF(AND(BX27<0,MAX($F27:$G27)=4500,$E27="Enerji Açığı"),4500*1.05*1.06*BX27,IF(AND(BX27<0,MAX($F27:$G27)=4500,$E27="Enerji Fazlası"),4500*1.05*1.03*BX27,IF(AND(BX27<0,$E27="Enerji Açığı"),MAX($F27,$G27,150)*BX27*1.06,IF(AND(BX27<0,$E27="Enerji Fazlası"),MAX($F27,$G27,150)*BX27*1.03,IF(AND(BX27<0,$E27="Dengede"),MAX($F27:$G27,150)*1.03*BX27,MIN($F27:$G27)*0.97*BX27))))))))) | BZ27: =BE27-BV27-CA27 | CA27: =BD27 | CB27: =BE27-BV27 | CC27: =IF(AY27=0,0,CB27/AY27) | CD27: =MAX((AY27+MAX((-J27+L27-N27+Q27-T27+X27),0)),(MAX((J27-L27+N27-Q27+T27-X27),0))) | CE27: =IFERROR(ABS(BX27/CD27),0) | CF27: =IF(CE27<=0.1,0,BX27/CE27*(CE27-0.1)) | CG27: =IF((CF27)<0,MAX(F27:G27)*(CF27)*1.03,MIN(F27:G27)*(CF27)*0.97) | CH27: =IF(CE27>0.1,1,0) | CI27: =(F27*BX27)-BY27 | CJ27: =IF(AY27=0,0,CI27/AY27)
A28: 46205.042 | B28: 01:00 | C28: =INT(A28) | D28: =MONTH(A28) | E28: Enerji Açığı | F28: 3200 | G28: 3450 | H28: 68.71 | I28: 3389.41 | J28: 0 | K28: =F28*J28 | L28: 0 | M28: =L28*F28 | N28: 16 | O28: =F28 | P28: =N28*O28 | Q28: 0 | R28: =F28 | S28: =R28*Q28 | U28: =IFERROR(W28/T28,0) | V28: =IF(U28=0,0,U28-F28) | Y28: =IFERROR(AA28/X28,0) | Z28: =IF(Y28=0,0,F28-Y28) | AB28: 0 | AC28: 0 | AD28: =IF(AB28>AC28*1.05,AB28-AC28*1.05,IF(AB28<AC28*0.95,AC28*0.95-AB28,0)) | AE28: =MAX(F28,G28,750)*0.05*AD28 | AF28: 0 | AG28: =IF(AB28>AF28*1.05,AB28-AF28*1.05,IF(AB28<AF28*0.95,AF28*0.95-AB28,0)) | AH28: =MAX(I28,J28,750)*0.05*AG28 | AI28: 9.3 | AJ28: 7 | AK28: =IF(AI28>AJ28*1.05,AI28-AJ28*1.05,IF(AI28<AJ28*0.95,AJ28*0.95-AI28,0)) | AL28: =MAX(F28,G28,750)*0.05*AK28 | AM28: 9 | AN28: =IF(AI28>AM28*1.05,AI28-AM28*1.05,IF(AI28<AM28*0.95,AM28*0.95-AI28,0)) | AO28: =MAX(F28,G28,750)*0.05*AN28 | AP28: 13.02 | AQ28: 9 | AR28: =IF(AP28>AQ28*1.05,AP28-AQ28*1.05,IF(AP28<AQ28*0.95,AQ28*0.95-AP28,0)) | AS28: =MAX(F28:G28,750)*0.05*AR28 | AT28: 13 | AU28: =IF(AP28>AT28*1.05,AP28-AT28*1.05,IF(AP28<AT28*0.95,AT28*0.95-AP28,0)) | AV28: =MAX(F28:G28,750)*0.05*AU28 | AW28: =AC28+AJ28+AQ28 | AX28: =AF28+AM28+AT28 | AY28: =AB28+AI28+AP28 | AZ28: 0 | BA28: =AD28+AK28+AR28 | BB28: =MAX(F28:G28,750)*0.05*BA28 | BC28: =AG28+AN28+AU28 | BD28: =MAX(F28:G28,750)*0.05*BC28 | BE28: =F28*AY28 | BF28: =K28-M28 | BG28: =P28-S28 | BH28: =W28-AA28 | BI28: =BF28+BG28+BL28-BN28 | BJ28: =ABS(BK28) | BK28: =AY28-(J28-L28+N28-Q28) | BL28: =IF(AND(BK28>0,MIN($F28:$G28)<150,$E28="Enerji Açığı"),-100*BK28*1.03,IF(AND(BK28>0,MIN($F28:$G28)<150,$E28="Enerji Fazlası"),-100*BK28*1.06,IF(AND(BK28>0,MIN($F28:$G28)>=150,$E28="Enerji Açığı"),BK28*MIN($F28:$G28)*0.97,IF(AND(BK28>0,MIN($F28:$G28)>=150,$E28="Enerji Fazlası"),BK28*MIN($F28:$G28)*0.94,IF(AND(BK28<0,MAX($F28:$G28)=4500,$E28="Enerji Açığı"),4500*1.05*1.06*BK28,IF(AND(BK28<0,MAX($F28:$G28)=4500,$E28="Enerji Fazlası"),4500*1.05*1.03*BK28,IF(AND(BK28<0,$E28="Enerji Açığı"),MAX($F28,$G28,150)*BK28*1.06,IF(AND(BK28<0,$E28="Enerji Fazlası"),MAX($F28,$G28,150)*BK28*1.03,IF(AND(BK28<0,$E28="Dengede"),MAX($F28:$G28,150)*1.03*BK28,MIN($F28:$G28)*0.97*BK28))))))))) | BM28: =BE28-BI28-BN28 | BN28: =BB28 | BO28: =BE28-BI28 | BP28: =IF(AY28=0,0,BO28/AY28) | BQ28: =MAX((AY28+MAX((-J28+L28-N28+Q28),0)),(MAX((J28-L28+N28-Q28),0))) | BR28: =IFERROR(ABS(BK28/BQ28),0) | BS28: =IF(BR28<=0.1,0,BK28/BR28*(BR28-0.1)) | BT28: =IF((BS28)<0,MAX(F28:G28)*(BS28)*1.03,MIN(F28:G28)*(BS28)*0.97) | BU28: =IF(BR28>0.1,1,0) | BV28: =BF28+BG28+BH28+BY28-CA28 | BW28: =ABS(BX28) | BX28: =AY28-(J28-L28+N28-Q28+T28-X28) | BY28: =IF(AND(BX28>0,MIN($F28:$G28)<150,$E28="Enerji Açığı"),-100*BX28*1.03,IF(AND(BX28>0,MIN($F28:$G28)<150,$E28="Enerji Fazlası"),-100*BX28*1.06,IF(AND(BX28>0,MIN($F28:$G28)>=150,$E28="Enerji Açığı"),BX28*MIN($F28:$G28)*0.97,IF(AND(BX28>0,MIN($F28:$G28)>=150,$E28="Enerji Fazlası"),BX28*MIN($F28:$G28)*0.94,IF(AND(BX28<0,MAX($F28:$G28)=4500,$E28="Enerji Açığı"),4500*1.05*1.06*BX28,IF(AND(BX28<0,MAX($F28:$G28)=4500,$E28="Enerji Fazlası"),4500*1.05*1.03*BX28,IF(AND(BX28<0,$E28="Enerji Açığı"),MAX($F28,$G28,150)*BX28*1.06,IF(AND(BX28<0,$E28="Enerji Fazlası"),MAX($F28,$G28,150)*BX28*1.03,IF(AND(BX28<0,$E28="Dengede"),MAX($F28:$G28,150)*1.03*BX28,MIN($F28:$G28)*0.97*BX28))))))))) | BZ28: =BE28-BV28-CA28 | CA28: =BD28 | CB28: =BE28-BV28 | CC28: =IF(AY28=0,0,CB28/AY28) | CD28: =MAX((AY28+MAX((-J28+L28-N28+Q28-T28+X28),0)),(MAX((J28-L28+N28-Q28+T28-X28),0))) | CE28: =IFERROR(ABS(BX28/CD28),0) | CF28: =IF(CE28<=0.1,0,BX28/CE28*(CE28-0.1)) | CG28: =IF((CF28)<0,MAX(F28:G28)*(CF28)*1.03,MIN(F28:G28)*(CF28)*0.97) | CH28: =IF(CE28>0.1,1,0) | CI28: =(F28*BX28)-BY28 | CJ28: =IF(AY28=0,0,CI28/AY28)
A29: 46205.083 | B29: 02:00 | C29: =INT(A29) | D29: =MONTH(A29) | E29: Enerji Açığı | F29: 3300 | G29: 3500 | H29: 70.85 | I29: 3423.13 | J29: 0 | K29: =F29*J29 | L29: 0 | M29: =L29*F29 | N29: 16 | O29: =F29 | P29: =N29*O29 | Q29: 0 | R29: =F29 | S29: =R29*Q29 | U29: =IFERROR(W29/T29,0) | V29: =IF(U29=0,0,U29-F29) | Y29: =IFERROR(AA29/X29,0) | Z29: =IF(Y29=0,0,F29-Y29) | AB29: 0 | AC29: 0 | AD29: =IF(AB29>AC29*1.05,AB29-AC29*1.05,IF(AB29<AC29*0.95,AC29*0.95-AB29,0)) | AE29: =MAX(F29,G29,750)*0.05*AD29 | AF29: 0 | AG29: =IF(AB29>AF29*1.05,AB29-AF29*1.05,IF(AB29<AF29*0.95,AF29*0.95-AB29,0)) | AH29: =MAX(I29,J29,750)*0.05*AG29 | AI29: 9.19 | AJ29: 7 | AK29: =IF(AI29>AJ29*1.05,AI29-AJ29*1.05,IF(AI29<AJ29*0.95,AJ29*0.95-AI29,0)) | AL29: =MAX(F29,G29,750)*0.05*AK29 | AM29: 9 | AN29: =IF(AI29>AM29*1.05,AI29-AM29*1.05,IF(AI29<AM29*0.95,AM29*0.95-AI29,0)) | AO29: =MAX(F29,G29,750)*0.05*AN29 | AP29: 13.06 | AQ29: 9 | AR29: =IF(AP29>AQ29*1.05,AP29-AQ29*1.05,IF(AP29<AQ29*0.95,AQ29*0.95-AP29,0)) | AS29: =MAX(F29:G29,750)*0.05*AR29 | AT29: 13 | AU29: =IF(AP29>AT29*1.05,AP29-AT29*1.05,IF(AP29<AT29*0.95,AT29*0.95-AP29,0)) | AV29: =MAX(F29:G29,750)*0.05*AU29 | AW29: =AC29+AJ29+AQ29 | AX29: =AF29+AM29+AT29 | AY29: =AB29+AI29+AP29 | AZ29: 0 | BA29: =AD29+AK29+AR29 | BB29: =MAX(F29:G29,750)*0.05*BA29 | BC29: =AG29+AN29+AU29 | BD29: =MAX(F29:G29,750)*0.05*BC29 | BE29: =F29*AY29 | BF29: =K29-M29 | BG29: =P29-S29 | BH29: =W29-AA29 | BI29: =BF29+BG29+BL29-BN29 | BJ29: =ABS(BK29) | BK29: =AY29-(J29-L29+N29-Q29) | BL29: =IF(AND(BK29>0,MIN($F29:$G29)<150,$E29="Enerji Açığı"),-100*BK29*1.03,IF(AND(BK29>0,MIN($F29:$G29)<150,$E29="Enerji Fazlası"),-100*BK29*1.06,IF(AND(BK29>0,MIN($F29:$G29)>=150,$E29="Enerji Açığı"),BK29*MIN($F29:$G29)*0.97,IF(AND(BK29>0,MIN($F29:$G29)>=150,$E29="Enerji Fazlası"),BK29*MIN($F29:$G29)*0.94,IF(AND(BK29<0,MAX($F29:$G29)=4500,$E29="Enerji Açığı"),4500*1.05*1.06*BK29,IF(AND(BK29<0,MAX($F29:$G29)=4500,$E29="Enerji Fazlası"),4500*1.05*1.03*BK29,IF(AND(BK29<0,$E29="Enerji Açığı"),MAX($F29,$G29,150)*BK29*1.06,IF(AND(BK29<0,$E29="Enerji Fazlası"),MAX($F29,$G29,150)*BK29*1.03,IF(AND(BK29<0,$E29="Dengede"),MAX($F29:$G29,150)*1.03*BK29,MIN($F29:$G29)*0.97*BK29))))))))) | BM29: =BE29-BI29-BN29 | BN29: =BB29 | BO29: =BE29-BI29 | BP29: =IF(AY29=0,0,BO29/AY29) | BQ29: =MAX((AY29+MAX((-J29+L29-N29+Q29),0)),(MAX((J29-L29+N29-Q29),0))) | BR29: =IFERROR(ABS(BK29/BQ29),0) | BS29: =IF(BR29<=0.1,0,BK29/BR29*(BR29-0.1)) | BT29: =IF((BS29)<0,MAX(F29:G29)*(BS29)*1.03,MIN(F29:G29)*(BS29)*0.97) | BU29: =IF(BR29>0.1,1,0) | BV29: =BF29+BG29+BH29+BY29-CA29 | BW29: =ABS(BX29) | BX29: =AY29-(J29-L29+N29-Q29+T29-X29) | BY29: =IF(AND(BX29>0,MIN($F29:$G29)<150,$E29="Enerji Açığı"),-100*BX29*1.03,IF(AND(BX29>0,MIN($F29:$G29)<150,$E29="Enerji Fazlası"),-100*BX29*1.06,IF(AND(BX29>0,MIN($F29:$G29)>=150,$E29="Enerji Açığı"),BX29*MIN($F29:$G29)*0.97,IF(AND(BX29>0,MIN($F29:$G29)>=150,$E29="Enerji Fazlası"),BX29*MIN($F29:$G29)*0.94,IF(AND(BX29<0,MAX($F29:$G29)=4500,$E29="Enerji Açığı"),4500*1.05*1.06*BX29,IF(AND(BX29<0,MAX($F29:$G29)=4500,$E29="Enerji Fazlası"),4500*1.05*1.03*BX29,IF(AND(BX29<0,$E29="Enerji Açığı"),MAX($F29,$G29,150)*BX29*1.06,IF(AND(BX29<0,$E29="Enerji Fazlası"),MAX($F29,$G29,150)*BX29*1.03,IF(AND(BX29<0,$E29="Dengede"),MAX($F29:$G29,150)*1.03*BX29,MIN($F29:$G29)*0.97*BX29))))))))) | BZ29: =BE29-BV29-CA29 | CA29: =BD29 | CB29: =BE29-BV29 | CC29: =IF(AY29=0,0,CB29/AY29) | CD29: =MAX((AY29+MAX((-J29+L29-N29+Q29-T29+X29),0)),(MAX((J29-L29+N29-Q29+T29-X29),0))) | CE29: =IFERROR(ABS(BX29/CD29),0) | CF29: =IF(CE29<=0.1,0,BX29/CE29*(CE29-0.1)) | CG29: =IF((CF29)<0,MAX(F29:G29)*(CF29)*1.03,MIN(F29:G29)*(CF29)*0.97) | CH29: =IF(CE29>0.1,1,0) | CI29: =(F29*BX29)-BY29 | CJ29: =IF(AY29=0,0,CI29/AY29)
A30: 46205.125 | B30: 03:00 | C30: =INT(A30) | D30: =MONTH(A30) | E30: Enerji Açığı | F30: 3269.01 | G30: 3450 | H30: 70.19 | I30: 3443.48 | J30: 0 | K30: =F30*J30 | L30: 0 | M30: =L30*F30 | N30: 16 | O30: =F30 | P30: =N30*O30 | Q30: 0 | R30: =F30 | S30: =R30*Q30 | U30: =IFERROR(W30/T30,0) | V30: =IF(U30=0,0,U30-F30) | Y30: =IFERROR(AA30/X30,0) | Z30: =IF(Y30=0,0,F30-Y30) | AB30: 0 | AC30: 0 | AD30: =IF(AB30>AC30*1.05,AB30-AC30*1.05,IF(AB30<AC30*0.95,AC30*0.95-AB30,0)) | AE30: =MAX(F30,G30,750)*0.05*AD30 | AF30: 0 | AG30: =IF(AB30>AF30*1.05,AB30-AF30*1.05,IF(AB30<AF30*0.95,AF30*0.95-AB30,0)) | AH30: =MAX(I30,J30,750)*0.05*AG30 | AI30: 10.45 | AJ30: 7 | AK30: =IF(AI30>AJ30*1.05,AI30-AJ30*1.05,IF(AI30<AJ30*0.95,AJ30*0.95-AI30,0)) | AL30: =MAX(F30,G30,750)*0.05*AK30 | AM30: 10 | AN30: =IF(AI30>AM30*1.05,AI30-AM30*1.05,IF(AI30<AM30*0.95,AM30*0.95-AI30,0)) | AO30: =MAX(F30,G30,750)*0.05*AN30 | AP30: 13.16 | AQ30: 9 | AR30: =IF(AP30>AQ30*1.05,AP30-AQ30*1.05,IF(AP30<AQ30*0.95,AQ30*0.95-AP30,0)) | AS30: =MAX(F30:G30,750)*0.05*AR30 | AT30: 13 | AU30: =IF(AP30>AT30*1.05,AP30-AT30*1.05,IF(AP30<AT30*0.95,AT30*0.95-AP30,0)) | AV30: =MAX(F30:G30,750)*0.05*AU30 | AW30: =AC30+AJ30+AQ30 | AX30: =AF30+AM30+AT30 | AY30: =AB30+AI30+AP30 | AZ30: 0 | BA30: =AD30+AK30+AR30 | BB30: =MAX(F30:G30,750)*0.05*BA30 | BC30: =AG30+AN30+AU30 | BD30: =MAX(F30:G30,750)*0.05*BC30 | BE30: =F30*AY30 | BF30: =K30-M30 | BG30: =P30-S30 | BH30: =W30-AA30 | BI30: =BF30+BG30+BL30-BN30 | BJ30: =ABS(BK30) | BK30: =AY30-(J30-L30+N30-Q30) | BL30: =IF(AND(BK30>0,MIN($F30:$G30)<150,$E30="Enerji Açığı"),-100*BK30*1.03,IF(AND(BK30>0,MIN($F30:$G30)<150,$E30="Enerji Fazlası"),-100*BK30*1.06,IF(AND(BK30>0,MIN($F30:$G30)>=150,$E30="Enerji Açığı"),BK30*MIN($F30:$G30)*0.97,IF(AND(BK30>0,MIN($F30:$G30)>=150,$E30="Enerji Fazlası"),BK30*MIN($F30:$G30)*0.94,IF(AND(BK30<0,MAX($F30:$G30)=4500,$E30="Enerji Açığı"),4500*1.05*1.06*BK30,IF(AND(BK30<0,MAX($F30:$G30)=4500,$E30="Enerji Fazlası"),4500*1.05*1.03*BK30,IF(AND(BK30<0,$E30="Enerji Açığı"),MAX($F30,$G30,150)*BK30*1.06,IF(AND(BK30<0,$E30="Enerji Fazlası"),MAX($F30,$G30,150)*BK30*1.03,IF(AND(BK30<0,$E30="Dengede"),MAX($F30:$G30,150)*1.03*BK30,MIN($F30:$G30)*0.97*BK30))))))))) | BM30: =BE30-BI30-BN30 | BN30: =BB30 | BO30: =BE30-BI30 | BP30: =IF(AY30=0,0,BO30/AY30) | BQ30: =MAX((AY30+MAX((-J30+L30-N30+Q30),0)),(MAX((J30-L30+N30-Q30),0))) | BR30: =IFERROR(ABS(BK30/BQ30),0) | BS30: =IF(BR30<=0.1,0,BK30/BR30*(BR30-0.1)) | BT30: =IF((BS30)<0,MAX(F30:G30)*(BS30)*1.03,MIN(F30:G30)*(BS30)*0.97) | BU30: =IF(BR30>0.1,1,0) | BV30: =BF30+BG30+BH30+BY30-CA30 | BW30: =ABS(BX30) | BX30: =AY30-(J30-L30+N30-Q30+T30-X30) | BY30: =IF(AND(BX30>0,MIN($F30:$G30)<150,$E30="Enerji Açığı"),-100*BX30*1.03,IF(AND(BX30>0,MIN($F30:$G30)<150,$E30="Enerji Fazlası"),-100*BX30*1.06,IF(AND(BX30>0,MIN($F30:$G30)>=150,$E30="Enerji Açığı"),BX30*MIN($F30:$G30)*0.97,IF(AND(BX30>0,MIN($F30:$G30)>=150,$E30="Enerji Fazlası"),BX30*MIN($F30:$G30)*0.94,IF(AND(BX30<0,MAX($F30:$G30)=4500,$E30="Enerji Açığı"),4500*1.05*1.06*BX30,IF(AND(BX30<0,MAX($F30:$G30)=4500,$E30="Enerji Fazlası"),4500*1.05*1.03*BX30,IF(AND(BX30<0,$E30="Enerji Açığı"),MAX($F30,$G30,150)*BX30*1.06,IF(AND(BX30<0,$E30="Enerji Fazlası"),MAX($F30,$G30,150)*BX30*1.03,IF(AND(BX30<0,$E30="Dengede"),MAX($F30:$G30,150)*1.03*BX30,MIN($F30:$G30)*0.97*BX30))))))))) | BZ30: =BE30-BV30-CA30 | CA30: =BD30 | CB30: =BE30-BV30 | CC30: =IF(AY30=0,0,CB30/AY30) | CD30: =MAX((AY30+MAX((-J30+L30-N30+Q30-T30+X30),0)),(MAX((J30-L30+N30-Q30+T30-X30),0))) | CE30: =IFERROR(ABS(BX30/CD30),0) | CF30: =IF(CE30<=0.1,0,BX30/CE30*(CE30-0.1)) | CG30: =IF((CF30)<0,MAX(F30:G30)*(CF30)*1.03,MIN(F30:G30)*(CF30)*0.97) | CH30: =IF(CE30>0.1,1,0) | CI30: =(F30*BX30)-BY30 | CJ30: =IF(AY30=0,0,CI30/AY30)
A31: 46205.167 | B31: 04:00 | C31: =INT(A31) | D31: =MONTH(A31) | E31: Enerji Açığı | F31: 3999.99 | G31: 3999.99 | H31: 85.88 | I31: 4231.77 | J31: 0 | K31: =F31*J31 | L31: 0 | M31: =L31*F31 | N31: 18 | O31: =F31 | P31: =N31*O31 | Q31: 0 | R31: =F31 | S31: =R31*Q31 | U31: =IFERROR(W31/T31,0) | V31: =IF(U31=0,0,U31-F31) | Y31: =IFERROR(AA31/X31,0) | Z31: =IF(Y31=0,0,F31-Y31) | AB31: 0 | AC31: 0 | AD31: =IF(AB31>AC31*1.05,AB31-AC31*1.05,IF(AB31<AC31*0.95,AC31*0.95-AB31,0)) | AE31: =MAX(F31,G31,750)*0.05*AD31 | AF31: 0 | AG31: =IF(AB31>AF31*1.05,AB31-AF31*1.05,IF(AB31<AF31*0.95,AF31*0.95-AB31,0)) | AH31: =MAX(I31,J31,750)*0.05*AG31 | AI31: 10.17 | AJ31: 8 | AK31: =IF(AI31>AJ31*1.05,AI31-AJ31*1.05,IF(AI31<AJ31*0.95,AJ31*0.95-AI31,0)) | AL31: =MAX(F31,G31,750)*0.05*AK31 | AM31: 10 | AN31: =IF(AI31>AM31*1.05,AI31-AM31*1.05,IF(AI31<AM31*0.95,AM31*0.95-AI31,0)) | AO31: =MAX(F31,G31,750)*0.05*AN31 | AP31: 13.13 | AQ31: 10 | AR31: =IF(AP31>AQ31*1.05,AP31-AQ31*1.05,IF(AP31<AQ31*0.95,AQ31*0.95-AP31,0)) | AS31: =MAX(F31:G31,750)*0.05*AR31 | AT31: 13 | AU31: =IF(AP31>AT31*1.05,AP31-AT31*1.05,IF(AP31<AT31*0.95,AT31*0.95-AP31,0)) | AV31: =MAX(F31:G31,750)*0.05*AU31 | AW31: =AC31+AJ31+AQ31 | AX31: =AF31+AM31+AT31 | AY31: =AB31+AI31+AP31 | AZ31: 0 | BA31: =AD31+AK31+AR31 | BB31: =MAX(F31:G31,750)*0.05*BA31 | BC31: =AG31+AN31+AU31 | BD31: =MAX(F31:G31,750)*0.05*BC31 | BE31: =F31*AY31 | BF31: =K31-M31 | BG31: =P31-S31 | BH31: =W31-AA31 | BI31: =BF31+BG31+BL31-BN31 | BJ31: =ABS(BK31) | BK31: =AY31-(J31-L31+N31-Q31) | BL31: =IF(AND(BK31>0,MIN($F31:$G31)<150,$E31="Enerji Açığı"),-100*BK31*1.03,IF(AND(BK31>0,MIN($F31:$G31)<150,$E31="Enerji Fazlası"),-100*BK31*1.06,IF(AND(BK31>0,MIN($F31:$G31)>=150,$E31="Enerji Açığı"),BK31*MIN($F31:$G31)*0.97,IF(AND(BK31>0,MIN($F31:$G31)>=150,$E31="Enerji Fazlası"),BK31*MIN($F31:$G31)*0.94,IF(AND(BK31<0,MAX($F31:$G31)=4500,$E31="Enerji Açığı"),4500*1.05*1.06*BK31,IF(AND(BK31<0,MAX($F31:$G31)=4500,$E31="Enerji Fazlası"),4500*1.05*1.03*BK31,IF(AND(BK31<0,$E31="Enerji Açığı"),MAX($F31,$G31,150)*BK31*1.06,IF(AND(BK31<0,$E31="Enerji Fazlası"),MAX($F31,$G31,150)*BK31*1.03,IF(AND(BK31<0,$E31="Dengede"),MAX($F31:$G31,150)*1.03*BK31,MIN($F31:$G31)*0.97*BK31))))))))) | BM31: =BE31-BI31-BN31 | BN31: =BB31 | BO31: =BE31-BI31 | BP31: =IF(AY31=0,0,BO31/AY31) | BQ31: =MAX((AY31+MAX((-J31+L31-N31+Q31),0)),(MAX((J31-L31+N31-Q31),0))) | BR31: =IFERROR(ABS(BK31/BQ31),0) | BS31: =IF(BR31<=0.1,0,BK31/BR31*(BR31-0.1)) | BT31: =IF((BS31)<0,MAX(F31:G31)*(BS31)*1.03,MIN(F31:G31)*(BS31)*0.97) | BU31: =IF(BR31>0.1,1,0) | BV31: =BF31+BG31+BH31+BY31-CA31 | BW31: =ABS(BX31) | BX31: =AY31-(J31-L31+N31-Q31+T31-X31) | BY31: =IF(AND(BX31>0,MIN($F31:$G31)<150,$E31="Enerji Açığı"),-100*BX31*1.03,IF(AND(BX31>0,MIN($F31:$G31)<150,$E31="Enerji Fazlası"),-100*BX31*1.06,IF(AND(BX31>0,MIN($F31:$G31)>=150,$E31="Enerji Açığı"),BX31*MIN($F31:$G31)*0.97,IF(AND(BX31>0,MIN($F31:$G31)>=150,$E31="Enerji Fazlası"),BX31*MIN($F31:$G31)*0.94,IF(AND(BX31<0,MAX($F31:$G31)=4500,$E31="Enerji Açığı"),4500*1.05*1.06*BX31,IF(AND(BX31<0,MAX($F31:$G31)=4500,$E31="Enerji Fazlası"),4500*1.05*1.03*BX31,IF(AND(BX31<0,$E31="Enerji Açığı"),MAX($F31,$G31,150)*BX31*1.06,IF(AND(BX31<0,$E31="Enerji Fazlası"),MAX($F31,$G31,150)*BX31*1.03,IF(AND(BX31<0,$E31="Dengede"),MAX($F31:$G31,150)*1.03*BX31,MIN($F31:$G31)*0.97*BX31))))))))) | BZ31: =BE31-BV31-CA31 | CA31: =BD31 | CB31: =BE31-BV31 | CC31: =IF(AY31=0,0,CB31/AY31) | CD31: =MAX((AY31+MAX((-J31+L31-N31+Q31-T31+X31),0)),(MAX((J31-L31+N31-Q31+T31-X31),0))) | CE31: =IFERROR(ABS(BX31/CD31),0) | CF31: =IF(CE31<=0.1,0,BX31/CE31*(CE31-0.1)) | CG31: =IF((CF31)<0,MAX(F31:G31)*(CF31)*1.03,MIN(F31:G31)*(CF31)*0.97) | CH31: =IF(CE31>0.1,1,0) | CI31: =(F31*BX31)-BY31 | CJ31: =IF(AY31=0,0,CI31/AY31)
A32: 46205.208 | B32: 05:00 | C32: =INT(A32) | D32: =MONTH(A32) | E32: Enerji Fazlası | F32: 3999.99 | G32: 3999.99 | H32: 85.88 | I32: 4224.94 | J32: 0 | K32: =F32*J32 | L32: 0 | M32: =L32*F32 | N32: 18 | O32: =F32 | P32: =N32*O32 | Q32: 0 | R32: =F32 | S32: =R32*Q32 | U32: =IFERROR(W32/T32,0) | V32: =IF(U32=0,0,U32-F32) | Y32: =IFERROR(AA32/X32,0) | Z32: =IF(Y32=0,0,F32-Y32) | AB32: 0 | AC32: 0 | AD32: =IF(AB32>AC32*1.05,AB32-AC32*1.05,IF(AB32<AC32*0.95,AC32*0.95-AB32,0)) | AE32: =MAX(F32,G32,750)*0.05*AD32 | AF32: 0 | AG32: =IF(AB32>AF32*1.05,AB32-AF32*1.05,IF(AB32<AF32*0.95,AF32*0.95-AB32,0)) | AH32: =MAX(I32,J32,750)*0.05*AG32 | AI32: 10.26 | AJ32: 8 | AK32: =IF(AI32>AJ32*1.05,AI32-AJ32*1.05,IF(AI32<AJ32*0.95,AJ32*0.95-AI32,0)) | AL32: =MAX(F32,G32,750)*0.05*AK32 | AM32: 10 | AN32: =IF(AI32>AM32*1.05,AI32-AM32*1.05,IF(AI32<AM32*0.95,AM32*0.95-AI32,0)) | AO32: =MAX(F32,G32,750)*0.05*AN32 | AP32: 13.2 | AQ32: 10 | AR32: =IF(AP32>AQ32*1.05,AP32-AQ32*1.05,IF(AP32<AQ32*0.95,AQ32*0.95-AP32,0)) | AS32: =MAX(F32:G32,750)*0.05*AR32 | AT32: 13 | AU32: =IF(AP32>AT32*1.05,AP32-AT32*1.05,IF(AP32<AT32*0.95,AT32*0.95-AP32,0)) | AV32: =MAX(F32:G32,750)*0.05*AU32 | AW32: =AC32+AJ32+AQ32 | AX32: =AF32+AM32+AT32 | AY32: =AB32+AI32+AP32 | AZ32: 0 | BA32: =AD32+AK32+AR32 | BB32: =MAX(F32:G32,750)*0.05*BA32 | BC32: =AG32+AN32+AU32 | BD32: =MAX(F32:G32,750)*0.05*BC32 | BE32: =F32*AY32 | BF32: =K32-M32 | BG32: =P32-S32 | BH32: =W32-AA32 | BI32: =BF32+BG32+BL32-BN32 | BJ32: =ABS(BK32) | BK32: =AY32-(J32-L32+N32-Q32) | BL32: =IF(AND(BK32>0,MIN($F32:$G32)<150,$E32="Enerji Açığı"),-100*BK32*1.03,IF(AND(BK32>0,MIN($F32:$G32)<150,$E32="Enerji Fazlası"),-100*BK32*1.06,IF(AND(BK32>0,MIN($F32:$G32)>=150,$E32="Enerji Açığı"),BK32*MIN($F32:$G32)*0.97,IF(AND(BK32>0,MIN($F32:$G32)>=150,$E32="Enerji Fazlası"),BK32*MIN($F32:$G32)*0.94,IF(AND(BK32<0,MAX($F32:$G32)=4500,$E32="Enerji Açığı"),4500*1.05*1.06*BK32,IF(AND(BK32<0,MAX($F32:$G32)=4500,$E32="Enerji Fazlası"),4500*1.05*1.03*BK32,IF(AND(BK32<0,$E32="Enerji Açığı"),MAX($F32,$G32,150)*BK32*1.06,IF(AND(BK32<0,$E32="Enerji Fazlası"),MAX($F32,$G32,150)*BK32*1.03,IF(AND(BK32<0,$E32="Dengede"),MAX($F32:$G32,150)*1.03*BK32,MIN($F32:$G32)*0.97*BK32))))))))) | BM32: =BE32-BI32-BN32 | BN32: =BB32 | BO32: =BE32-BI32 | BP32: =IF(AY32=0,0,BO32/AY32) | BQ32: =MAX((AY32+MAX((-J32+L32-N32+Q32),0)),(MAX((J32-L32+N32-Q32),0))) | BR32: =IFERROR(ABS(BK32/BQ32),0) | BS32: =IF(BR32<=0.1,0,BK32/BR32*(BR32-0.1)) | BT32: =IF((BS32)<0,MAX(F32:G32)*(BS32)*1.03,MIN(F32:G32)*(BS32)*0.97) | BU32: =IF(BR32>0.1,1,0) | BV32: =BF32+BG32+BH32+BY32-CA32 | BW32: =ABS(BX32) | BX32: =AY32-(J32-L32+N32-Q32+T32-X32) | BY32: =IF(AND(BX32>0,MIN($F32:$G32)<150,$E32="Enerji Açığı"),-100*BX32*1.03,IF(AND(BX32>0,MIN($F32:$G32)<150,$E32="Enerji Fazlası"),-100*BX32*1.06,IF(AND(BX32>0,MIN($F32:$G32)>=150,$E32="Enerji Açığı"),BX32*MIN($F32:$G32)*0.97,IF(AND(BX32>0,MIN($F32:$G32)>=150,$E32="Enerji Fazlası"),BX32*MIN($F32:$G32)*0.94,IF(AND(BX32<0,MAX($F32:$G32)=4500,$E32="Enerji Açığı"),4500*1.05*1.06*BX32,IF(AND(BX32<0,MAX($F32:$G32)=4500,$E32="Enerji Fazlası"),4500*1.05*1.03*BX32,IF(AND(BX32<0,$E32="Enerji Açığı"),MAX($F32,$G32,150)*BX32*1.06,IF(AND(BX32<0,$E32="Enerji Fazlası"),MAX($F32,$G32,150)*BX32*1.03,IF(AND(BX32<0,$E32="Dengede"),MAX($F32:$G32,150)*1.03*BX32,MIN($F32:$G32)*0.97*BX32))))))))) | BZ32: =BE32-BV32-CA32 | CA32: =BD32 | CB32: =BE32-BV32 | CC32: =IF(AY32=0,0,CB32/AY32) | CD32: =MAX((AY32+MAX((-J32+L32-N32+Q32-T32+X32),0)),(MAX((J32-L32+N32-Q32+T32-X32),0))) | CE32: =IFERROR(ABS(BX32/CD32),0) | CF32: =IF(CE32<=0.1,0,BX32/CE32*(CE32-0.1)) | CG32: =IF((CF32)<0,MAX(F32:G32)*(CF32)*1.03,MIN(F32:G32)*(CF32)*0.97) | CH32: =IF(CE32>0.1,1,0) | CI32: =(F32*BX32)-BY32 | CJ32: =IF(AY32=0,0,CI32/AY32)
A33: 46205.25 | B33: 06:00 | C33: =INT(A33) | D33: =MONTH(A33) | E33: Enerji Fazlası | F33: 3488.22 | G33: 1834 | H33: 74.9 | I33: 3562.07 | J33: 0 | K33: =F33*J33 | L33: 0 | M33: =L33*F33 | N33: 19.2 | O33: =F33 | P33: =N33*O33 | Q33: 0 | R33: =F33 | S33: =R33*Q33 | U33: =IFERROR(W33/T33,0) | V33: =IF(U33=0,0,U33-F33) | Y33: =IFERROR(AA33/X33,0) | Z33: =IF(Y33=0,0,F33-Y33) | AB33: 0 | AC33: 0 | AD33: =IF(AB33>AC33*1.05,AB33-AC33*1.05,IF(AB33<AC33*0.95,AC33*0.95-AB33,0)) | AE33: =MAX(F33,G33,750)*0.05*AD33 | AF33: 0 | AG33: =IF(AB33>AF33*1.05,AB33-AF33*1.05,IF(AB33<AF33*0.95,AF33*0.95-AB33,0)) | AH33: =MAX(I33,J33,750)*0.05*AG33 | AI33: 10.19 | AJ33: 8 | AK33: =IF(AI33>AJ33*1.05,AI33-AJ33*1.05,IF(AI33<AJ33*0.95,AJ33*0.95-AI33,0)) | AL33: =MAX(F33,G33,750)*0.05*AK33 | AM33: 10 | AN33: =IF(AI33>AM33*1.05,AI33-AM33*1.05,IF(AI33<AM33*0.95,AM33*0.95-AI33,0)) | AO33: =MAX(F33,G33,750)*0.05*AN33 | AP33: 14.22 | AQ33: 11.2 | AR33: =IF(AP33>AQ33*1.05,AP33-AQ33*1.05,IF(AP33<AQ33*0.95,AQ33*0.95-AP33,0)) | AS33: =MAX(F33:G33,750)*0.05*AR33 | AT33: 14 | AU33: =IF(AP33>AT33*1.05,AP33-AT33*1.05,IF(AP33<AT33*0.95,AT33*0.95-AP33,0)) | AV33: =MAX(F33:G33,750)*0.05*AU33 | AW33: =AC33+AJ33+AQ33 | AX33: =AF33+AM33+AT33 | AY33: =AB33+AI33+AP33 | AZ33: 0 | BA33: =AD33+AK33+AR33 | BB33: =MAX(F33:G33,750)*0.05*BA33 | BC33: =AG33+AN33+AU33 | BD33: =MAX(F33:G33,750)*0.05*BC33 | BE33: =F33*AY33 | BF33: =K33-M33 | BG33: =P33-S33 | BH33: =W33-AA33 | BI33: =BF33+BG33+BL33-BN33 | BJ33: =ABS(BK33) | BK33: =AY33-(J33-L33+N33-Q33) | BL33: =IF(AND(BK33>0,MIN($F33:$G33)<150,$E33="Enerji Açığı"),-100*BK33*1.03,IF(AND(BK33>0,MIN($F33:$G33)<150,$E33="Enerji Fazlası"),-100*BK33*1.06,IF(AND(BK33>0,MIN($F33:$G33)>=150,$E33="Enerji Açığı"),BK33*MIN($F33:$G33)*0.97,IF(AND(BK33>0,MIN($F33:$G33)>=150,$E33="Enerji Fazlası"),BK33*MIN($F33:$G33)*0.94,IF(AND(BK33<0,MAX($F33:$G33)=4500,$E33="Enerji Açığı"),4500*1.05*1.06*BK33,IF(AND(BK33<0,MAX($F33:$G33)=4500,$E33="Enerji Fazlası"),4500*1.05*1.03*BK33,IF(AND(BK33<0,$E33="Enerji Açığı"),MAX($F33,$G33,150)*BK33*1.06,IF(AND(BK33<0,$E33="Enerji Fazlası"),MAX($F33,$G33,150)*BK33*1.03,IF(AND(BK33<0,$E33="Dengede"),MAX($F33:$G33,150)*1.03*BK33,MIN($F33:$G33)*0.97*BK33))))))))) | BM33: =BE33-BI33-BN33 | BN33: =BB33 | BO33: =BE33-BI33 | BP33: =IF(AY33=0,0,BO33/AY33) | BQ33: =MAX((AY33+MAX((-J33+L33-N33+Q33),0)),(MAX((J33-L33+N33-Q33),0))) | BR33: =IFERROR(ABS(BK33/BQ33),0) | BS33: =IF(BR33<=0.1,0,BK33/BR33*(BR33-0.1)) | BT33: =IF((BS33)<0,MAX(F33:G33)*(BS33)*1.03,MIN(F33:G33)*(BS33)*0.97) | BU33: =IF(BR33>0.1,1,0) | BV33: =BF33+BG33+BH33+BY33-CA33 | BW33: =ABS(BX33) | BX33: =AY33-(J33-L33+N33-Q33+T33-X33) | BY33: =IF(AND(BX33>0,MIN($F33:$G33)<150,$E33="Enerji Açığı"),-100*BX33*1.03,IF(AND(BX33>0,MIN($F33:$G33)<150,$E33="Enerji Fazlası"),-100*BX33*1.06,IF(AND(BX33>0,MIN($F33:$G33)>=150,$E33="Enerji Açığı"),BX33*MIN($F33:$G33)*0.97,IF(AND(BX33>0,MIN($F33:$G33)>=150,$E33="Enerji Fazlası"),BX33*MIN($F33:$G33)*0.94,IF(AND(BX33<0,MAX($F33:$G33)=4500,$E33="Enerji Açığı"),4500*1.05*1.06*BX33,IF(AND(BX33<0,MAX($F33:$G33)=4500,$E33="Enerji Fazlası"),4500*1.05*1.03*BX33,IF(AND(BX33<0,$E33="Enerji Açığı"),MAX($F33,$G33,150)*BX33*1.06,IF(AND(BX33<0,$E33="Enerji Fazlası"),MAX($F33,$G33,150)*BX33*1.03,IF(AND(BX33<0,$E33="Dengede"),MAX($F33:$G33,150)*1.03*BX33,MIN($F33:$G33)*0.97*BX33))))))))) | BZ33: =BE33-BV33-CA33 | CA33: =BD33 | CB33: =BE33-BV33 | CC33: =IF(AY33=0,0,CB33/AY33) | CD33: =MAX((AY33+MAX((-J33+L33-N33+Q33-T33+X33),0)),(MAX((J33-L33+N33-Q33+T33-X33),0))) | CE33: =IFERROR(ABS(BX33/CD33),0) | CF33: =IF(CE33<=0.1,0,BX33/CE33*(CE33-0.1)) | CG33: =IF((CF33)<0,MAX(F33:G33)*(CF33)*1.03,MIN(F33:G33)*(CF33)*0.97) | CH33: =IF(CE33>0.1,1,0) | CI33: =(F33*BX33)-BY33 | CJ33: =IF(AY33=0,0,CI33/AY33)
A34: 46205.292 | B34: 07:00 | C34: =INT(A34) | D34: =MONTH(A34) | E34: Enerji Fazlası | F34: 1799.97 | G34: 1000 | H34: 38.65 | I34: 1812.87 | J34: 0 | K34: =F34*J34 | L34: 0 | M34: =L34*F34 | N34: 19.5 | O34: =F34 | P34: =N34*O34 | Q34: 0 | R34: =F34 | S34: =R34*Q34 | U34: =IFERROR(W34/T34,0) | V34: =IF(U34=0,0,U34-F34) | Y34: =IFERROR(AA34/X34,0) | Z34: =IF(Y34=0,0,F34-Y34) | AB34: 0 | AC34: 0 | AD34: =IF(AB34>AC34*1.05,AB34-AC34*1.05,IF(AB34<AC34*0.95,AC34*0.95-AB34,0)) | AE34: =MAX(F34,G34,750)*0.05*AD34 | AF34: 0 | AG34: =IF(AB34>AF34*1.05,AB34-AF34*1.05,IF(AB34<AF34*0.95,AF34*0.95-AB34,0)) | AH34: =MAX(I34,J34,750)*0.05*AG34 | AI34: 10.35 | AJ34: 8 | AK34: =IF(AI34>AJ34*1.05,AI34-AJ34*1.05,IF(AI34<AJ34*0.95,AJ34*0.95-AI34,0)) | AL34: =MAX(F34,G34,750)*0.05*AK34 | AM34: 10 | AN34: =IF(AI34>AM34*1.05,AI34-AM34*1.05,IF(AI34<AM34*0.95,AM34*0.95-AI34,0)) | AO34: =MAX(F34,G34,750)*0.05*AN34 | AP34: 14.25 | AQ34: 11.5 | AR34: =IF(AP34>AQ34*1.05,AP34-AQ34*1.05,IF(AP34<AQ34*0.95,AQ34*0.95-AP34,0)) | AS34: =MAX(F34:G34,750)*0.05*AR34 | AT34: 14 | AU34: =IF(AP34>AT34*1.05,AP34-AT34*1.05,IF(AP34<AT34*0.95,AT34*0.95-AP34,0)) | AV34: =MAX(F34:G34,750)*0.05*AU34 | AW34: =AC34+AJ34+AQ34 | AX34: =AF34+AM34+AT34 | AY34: =AB34+AI34+AP34 | AZ34: 0 | BA34: =AD34+AK34+AR34 | BB34: =MAX(F34:G34,750)*0.05*BA34 | BC34: =AG34+AN34+AU34 | BD34: =MAX(F34:G34,750)*0.05*BC34 | BE34: =F34*AY34 | BF34: =K34-M34 | BG34: =P34-S34 | BH34: =W34-AA34 | BI34: =BF34+BG34+BL34-BN34 | BJ34: =ABS(BK34) | BK34: =AY34-(J34-L34+N34-Q34) | BL34: =IF(AND(BK34>0,MIN($F34:$G34)<150,$E34="Enerji Açığı"),-100*BK34*1.03,IF(AND(BK34>0,MIN($F34:$G34)<150,$E34="Enerji Fazlası"),-100*BK34*1.06,IF(AND(BK34>0,MIN($F34:$G34)>=150,$E34="Enerji Açığı"),BK34*MIN($F34:$G34)*0.97,IF(AND(BK34>0,MIN($F34:$G34)>=150,$E34="Enerji Fazlası"),BK34*MIN($F34:$G34)*0.94,IF(AND(BK34<0,MAX($F34:$G34)=4500,$E34="Enerji Açığı"),4500*1.05*1.06*BK34,IF(AND(BK34<0,MAX($F34:$G34)=4500,$E34="Enerji Fazlası"),4500*1.05*1.03*BK34,IF(AND(BK34<0,$E34="Enerji Açığı"),MAX($F34,$G34,150)*BK34*1.06,IF(AND(BK34<0,$E34="Enerji Fazlası"),MAX($F34,$G34,150)*BK34*1.03,IF(AND(BK34<0,$E34="Dengede"),MAX($F34:$G34,150)*1.03*BK34,MIN($F34:$G34)*0.97*BK34))))))))) | BM34: =BE34-BI34-BN34 | BN34: =BB34 | BO34: =BE34-BI34 | BP34: =IF(AY34=0,0,BO34/AY34) | BQ34: =MAX((AY34+MAX((-J34+L34-N34+Q34),0)),(MAX((J34-L34+N34-Q34),0))) | BR34: =IFERROR(ABS(BK34/BQ34),0) | BS34: =IF(BR34<=0.1,0,BK34/BR34*(BR34-0.1)) | BT34: =IF((BS34)<0,MAX(F34:G34)*(BS34)*1.03,MIN(F34:G34)*(BS34)*0.97) | BU34: =IF(BR34>0.1,1,0) | BV34: =BF34+BG34+BH34+BY34-CA34 | BW34: =ABS(BX34) | BX34: =AY34-(J34-L34+N34-Q34+T34-X34) | BY34: =IF(AND(BX34>0,MIN($F34:$G34)<150,$E34="Enerji Açığı"),-100*BX34*1.03,IF(AND(BX34>0,MIN($F34:$G34)<150,$E34="Enerji Fazlası"),-100*BX34*1.06,IF(AND(BX34>0,MIN($F34:$G34)>=150,$E34="Enerji Açığı"),BX34*MIN($F34:$G34)*0.97,IF(AND(BX34>0,MIN($F34:$G34)>=150,$E34="Enerji Fazlası"),BX34*MIN($F34:$G34)*0.94,IF(AND(BX34<0,MAX($F34:$G34)=4500,$E34="Enerji Açığı"),4500*1.05*1.06*BX34,IF(AND(BX34<0,MAX($F34:$G34)=4500,$E34="Enerji Fazlası"),4500*1.05*1.03*BX34,IF(AND(BX34<0,$E34="Enerji Açığı"),MAX($F34,$G34,150)*BX34*1.06,IF(AND(BX34<0,$E34="Enerji Fazlası"),MAX($F34,$G34,150)*BX34*1.03,IF(AND(BX34<0,$E34="Dengede"),MAX($F34:$G34,150)*1.03*BX34,MIN($F34:$G34)*0.97*BX34))))))))) | BZ34: =BE34-BV34-CA34 | CA34: =BD34 | CB34: =BE34-BV34 | CC34: =IF(AY34=0,0,CB34/AY34) | CD34: =MAX((AY34+MAX((-J34+L34-N34+Q34-T34+X34),0)),(MAX((J34-L34+N34-Q34+T34-X34),0))) | CE34: =IFERROR(ABS(BX34/CD34),0) | CF34: =IF(CE34<=0.1,0,BX34/CE34*(CE34-0.1)) | CG34: =IF((CF34)<0,MAX(F34:G34)*(CF34)*1.03,MIN(F34:G34)*(CF34)*0.97) | CH34: =IF(CE34>0.1,1,0) | CI34: =(F34*BX34)-BY34 | CJ34: =IF(AY34=0,0,CI34/AY34)
A35: 46205.333 | B35: 08:00 | C35: =INT(A35) | D35: =MONTH(A35) | E35: Enerji Fazlası | F35: 3680 | G35: 1001 | H35: 79.01 | I35: 3809.29 | J35: 0 | K35: =F35*J35 | L35: 0 | M35: =L35*F35 | N35: 23 | O35: =F35 | P35: =N35*O35 | Q35: 0 | R35: =F35 | S35: =R35*Q35 | U35: =IFERROR(W35/T35,0) | V35: =IF(U35=0,0,U35-F35) | Y35: =IFERROR(AA35/X35,0) | Z35: =IF(Y35=0,0,F35-Y35) | AB35: 0 | AC35: 0 | AD35: =IF(AB35>AC35*1.05,AB35-AC35*1.05,IF(AB35<AC35*0.95,AC35*0.95-AB35,0)) | AE35: =MAX(F35,G35,750)*0.05*AD35 | AF35: 0 | AG35: =IF(AB35>AF35*1.05,AB35-AF35*1.05,IF(AB35<AF35*0.95,AF35*0.95-AB35,0)) | AH35: =MAX(I35,J35,750)*0.05*AG35 | AI35: 10.34 | AJ35: 9 | AK35: =IF(AI35>AJ35*1.05,AI35-AJ35*1.05,IF(AI35<AJ35*0.95,AJ35*0.95-AI35,0)) | AL35: =MAX(F35,G35,750)*0.05*AK35 | AM35: 10 | AN35: =IF(AI35>AM35*1.05,AI35-AM35*1.05,IF(AI35<AM35*0.95,AM35*0.95-AI35,0)) | AO35: =MAX(F35,G35,750)*0.05*AN35 | AP35: 14.19 | AQ35: 14 | AR35: =IF(AP35>AQ35*1.05,AP35-AQ35*1.05,IF(AP35<AQ35*0.95,AQ35*0.95-AP35,0)) | AS35: =MAX(F35:G35,750)*0.05*AR35 | AT35: 14 | AU35: =IF(AP35>AT35*1.05,AP35-AT35*1.05,IF(AP35<AT35*0.95,AT35*0.95-AP35,0)) | AV35: =MAX(F35:G35,750)*0.05*AU35 | AW35: =AC35+AJ35+AQ35 | AX35: =AF35+AM35+AT35 | AY35: =AB35+AI35+AP35 | AZ35: 0 | BA35: =AD35+AK35+AR35 | BB35: =MAX(F35:G35,750)*0.05*BA35 | BC35: =AG35+AN35+AU35 | BD35: =MAX(F35:G35,750)*0.05*BC35 | BE35: =F35*AY35 | BF35: =K35-M35 | BG35: =P35-S35 | BH35: =W35-AA35 | BI35: =BF35+BG35+BL35-BN35 | BJ35: =ABS(BK35) | BK35: =AY35-(J35-L35+N35-Q35) | BL35: =IF(AND(BK35>0,MIN($F35:$G35)<150,$E35="Enerji Açığı"),-100*BK35*1.03,IF(AND(BK35>0,MIN($F35:$G35)<150,$E35="Enerji Fazlası"),-100*BK35*1.06,IF(AND(BK35>0,MIN($F35:$G35)>=150,$E35="Enerji Açığı"),BK35*MIN($F35:$G35)*0.97,IF(AND(BK35>0,MIN($F35:$G35)>=150,$E35="Enerji Fazlası"),BK35*MIN($F35:$G35)*0.94,IF(AND(BK35<0,MAX($F35:$G35)=4500,$E35="Enerji Açığı"),4500*1.05*1.06*BK35,IF(AND(BK35<0,MAX($F35:$G35)=4500,$E35="Enerji Fazlası"),4500*1.05*1.03*BK35,IF(AND(BK35<0,$E35="Enerji Açığı"),MAX($F35,$G35,150)*BK35*1.06,IF(AND(BK35<0,$E35="Enerji Fazlası"),MAX($F35,$G35,150)*BK35*1.03,IF(AND(BK35<0,$E35="Dengede"),MAX($F35:$G35,150)*1.03*BK35,MIN($F35:$G35)*0.97*BK35))))))))) | BM35: =BE35-BI35-BN35 | BN35: =BB35 | BO35: =BE35-BI35 | BP35: =IF(AY35=0,0,BO35/AY35) | BQ35: =MAX((AY35+MAX((-J35+L35-N35+Q35),0)),(MAX((J35-L35+N35-Q35),0))) | BR35: =IFERROR(ABS(BK35/BQ35),0) | BS35: =IF(BR35<=0.1,0,BK35/BR35*(BR35-0.1)) | BT35: =IF((BS35)<0,MAX(F35:G35)*(BS35)*1.03,MIN(F35:G35)*(BS35)*0.97) | BU35: =IF(BR35>0.1,1,0) | BV35: =BF35+BG35+BH35+BY35-CA35 | BW35: =ABS(BX35) | BX35: =AY35-(J35-L35+N35-Q35+T35-X35) | BY35: =IF(AND(BX35>0,MIN($F35:$G35)<150,$E35="Enerji Açığı"),-100*BX35*1.03,IF(AND(BX35>0,MIN($F35:$G35)<150,$E35="Enerji Fazlası"),-100*BX35*1.06,IF(AND(BX35>0,MIN($F35:$G35)>=150,$E35="Enerji Açığı"),BX35*MIN($F35:$G35)*0.97,IF(AND(BX35>0,MIN($F35:$G35)>=150,$E35="Enerji Fazlası"),BX35*MIN($F35:$G35)*0.94,IF(AND(BX35<0,MAX($F35:$G35)=4500,$E35="Enerji Açığı"),4500*1.05*1.06*BX35,IF(AND(BX35<0,MAX($F35:$G35)=4500,$E35="Enerji Fazlası"),4500*1.05*1.03*BX35,IF(AND(BX35<0,$E35="Enerji Açığı"),MAX($F35,$G35,150)*BX35*1.06,IF(AND(BX35<0,$E35="Enerji Fazlası"),MAX($F35,$G35,150)*BX35*1.03,IF(AND(BX35<0,$E35="Dengede"),MAX($F35:$G35,150)*1.03*BX35,MIN($F35:$G35)*0.97*BX35))))))))) | BZ35: =BE35-BV35-CA35 | CA35: =BD35 | CB35: =BE35-BV35 | CC35: =IF(AY35=0,0,CB35/AY35) | CD35: =MAX((AY35+MAX((-J35+L35-N35+Q35-T35+X35),0)),(MAX((J35-L35+N35-Q35+T35-X35),0))) | CE35: =IFERROR(ABS(BX35/CD35),0) | CF35: =IF(CE35<=0.1,0,BX35/CE35*(CE35-0.1)) | CG35: =IF((CF35)<0,MAX(F35:G35)*(CF35)*1.03,MIN(F35:G35)*(CF35)*0.97) | CH35: =IF(CE35>0.1,1,0) | CI35: =(F35*BX35)-BY35 | CJ35: =IF(AY35=0,0,CI35/AY35)
A36: 46205.375 | B36: 09:00 | C36: =INT(A36) | D36: =MONTH(A36) | E36: Enerji Açığı | F36: 3499.99 | G36: 4048 | H36: 75.15 | I36: 3646.04 | J36: 0 | K36: =F36*J36 | L36: 0 | M36: =L36*F36 | N36: 23 | O36: =F36 | P36: =N36*O36 | Q36: 0 | R36: =F36 | S36: =R36*Q36 | U36: =IFERROR(W36/T36,0) | V36: =IF(U36=0,0,U36-F36) | Y36: =IFERROR(AA36/X36,0) | Z36: =IF(Y36=0,0,F36-Y36) | AB36: 0 | AC36: 0 | AD36: =IF(AB36>AC36*1.05,AB36-AC36*1.05,IF(AB36<AC36*0.95,AC36*0.95-AB36,0)) | AE36: =MAX(F36,G36,750)*0.05*AD36 | AF36: 0 | AG36: =IF(AB36>AF36*1.05,AB36-AF36*1.05,IF(AB36<AF36*0.95,AF36*0.95-AB36,0)) | AH36: =MAX(I36,J36,750)*0.05*AG36 | AI36: 10.08 | AJ36: 9 | AK36: =IF(AI36>AJ36*1.05,AI36-AJ36*1.05,IF(AI36<AJ36*0.95,AJ36*0.95-AI36,0)) | AL36: =MAX(F36,G36,750)*0.05*AK36 | AM36: 10 | AN36: =IF(AI36>AM36*1.05,AI36-AM36*1.05,IF(AI36<AM36*0.95,AM36*0.95-AI36,0)) | AO36: =MAX(F36,G36,750)*0.05*AN36 | AP36: 14.5 | AQ36: 14 | AR36: =IF(AP36>AQ36*1.05,AP36-AQ36*1.05,IF(AP36<AQ36*0.95,AQ36*0.95-AP36,0)) | AS36: =MAX(F36:G36,750)*0.05*AR36 | AT36: 14 | AU36: =IF(AP36>AT36*1.05,AP36-AT36*1.05,IF(AP36<AT36*0.95,AT36*0.95-AP36,0)) | AV36: =MAX(F36:G36,750)*0.05*AU36 | AW36: =AC36+AJ36+AQ36 | AX36: =AF36+AM36+AT36 | AY36: =AB36+AI36+AP36 | AZ36: 0 | BA36: =AD36+AK36+AR36 | BB36: =MAX(F36:G36,750)*0.05*BA36 | BC36: =AG36+AN36+AU36 | BD36: =MAX(F36:G36,750)*0.05*BC36 | BE36: =F36*AY36 | BF36: =K36-M36 | BG36: =P36-S36 | BH36: =W36-AA36 | BI36: =BF36+BG36+BL36-BN36 | BJ36: =ABS(BK36) | BK36: =AY36-(J36-L36+N36-Q36) | BL36: =IF(AND(BK36>0,MIN($F36:$G36)<150,$E36="Enerji Açığı"),-100*BK36*1.03,IF(AND(BK36>0,MIN($F36:$G36)<150,$E36="Enerji Fazlası"),-100*BK36*1.06,IF(AND(BK36>0,MIN($F36:$G36)>=150,$E36="Enerji Açığı"),BK36*MIN($F36:$G36)*0.97,IF(AND(BK36>0,MIN($F36:$G36)>=150,$E36="Enerji Fazlası"),BK36*MIN($F36:$G36)*0.94,IF(AND(BK36<0,MAX($F36:$G36)=4500,$E36="Enerji Açığı"),4500*1.05*1.06*BK36,IF(AND(BK36<0,MAX($F36:$G36)=4500,$E36="Enerji Fazlası"),4500*1.05*1.03*BK36,IF(AND(BK36<0,$E36="Enerji Açığı"),MAX($F36,$G36,150)*BK36*1.06,IF(AND(BK36<0,$E36="Enerji Fazlası"),MAX($F36,$G36,150)*BK36*1.03,IF(AND(BK36<0,$E36="Dengede"),MAX($F36:$G36,150)*1.03*BK36,MIN($F36:$G36)*0.97*BK36))))))))) | BM36: =BE36-BI36-BN36 | BN36: =BB36 | BO36: =BE36-BI36 | BP36: =IF(AY36=0,0,BO36/AY36) | BQ36: =MAX((AY36+MAX((-J36+L36-N36+Q36),0)),(MAX((J36-L36+N36-Q36),0))) | BR36: =IFERROR(ABS(BK36/BQ36),0) | BS36: =IF(BR36<=0.1,0,BK36/BR36*(BR36-0.1)) | BT36: =IF((BS36)<0,MAX(F36:G36)*(BS36)*1.03,MIN(F36:G36)*(BS36)*0.97) | BU36: =IF(BR36>0.1,1,0) | BV36: =BF36+BG36+BH36+BY36-CA36 | BW36: =ABS(BX36) | BX36: =AY36-(J36-L36+N36-Q36+T36-X36) | BY36: =IF(AND(BX36>0,MIN($F36:$G36)<150,$E36="Enerji Açığı"),-100*BX36*1.03,IF(AND(BX36>0,MIN($F36:$G36)<150,$E36="Enerji Fazlası"),-100*BX36*1.06,IF(AND(BX36>0,MIN($F36:$G36)>=150,$E36="Enerji Açığı"),BX36*MIN($F36:$G36)*0.97,IF(AND(BX36>0,MIN($F36:$G36)>=150,$E36="Enerji Fazlası"),BX36*MIN($F36:$G36)*0.94,IF(AND(BX36<0,MAX($F36:$G36)=4500,$E36="Enerji Açığı"),4500*1.05*1.06*BX36,IF(AND(BX36<0,MAX($F36:$G36)=4500,$E36="Enerji Fazlası"),4500*1.05*1.03*BX36,IF(AND(BX36<0,$E36="Enerji Açığı"),MAX($F36,$G36,150)*BX36*1.06,IF(AND(BX36<0,$E36="Enerji Fazlası"),MAX($F36,$G36,150)*BX36*1.03,IF(AND(BX36<0,$E36="Dengede"),MAX($F36:$G36,150)*1.03*BX36,MIN($F36:$G36)*0.97*BX36))))))))) | BZ36: =BE36-BV36-CA36 | CA36: =BD36 | CB36: =BE36-BV36 | CC36: =IF(AY36=0,0,CB36/AY36) | CD36: =MAX((AY36+MAX((-J36+L36-N36+Q36-T36+X36),0)),(MAX((J36-L36+N36-Q36+T36-X36),0))) | CE36: =IFERROR(ABS(BX36/CD36),0) | CF36: =IF(CE36<=0.1,0,BX36/CE36*(CE36-0.1)) | CG36: =IF((CF36)<0,MAX(F36:G36)*(CF36)*1.03,MIN(F36:G36)*(CF36)*0.97) | CH36: =IF(CE36>0.1,1,0) | CI36: =(F36*BX36)-BY36 | CJ36: =IF(AY36=0,0,CI36/AY36)
A37: 46205.417 | B37: 10:00 | C37: =INT(A37) | D37: =MONTH(A37) | E37: Enerji Açığı | F37: 2699.99 | G37: 4090 | H37: 57.97 | I37: 2815.86 | J37: 0 | K37: =F37*J37 | L37: 0 | M37: =L37*F37 | N37: 23.3 | O37: =F37 | P37: =N37*O37 | Q37: 0 | R37: =F37 | S37: =R37*Q37 | U37: =IFERROR(W37/T37,0) | V37: =IF(U37=0,0,U37-F37) | Y37: =IFERROR(AA37/X37,0) | Z37: =IF(Y37=0,0,F37-Y37) | AB37: 0 | AC37: 0 | AD37: =IF(AB37>AC37*1.05,AB37-AC37*1.05,IF(AB37<AC37*0.95,AC37*0.95-AB37,0)) | AE37: =MAX(F37,G37,750)*0.05*AD37 | AF37: 0 | AG37: =IF(AB37>AF37*1.05,AB37-AF37*1.05,IF(AB37<AF37*0.95,AF37*0.95-AB37,0)) | AH37: =MAX(I37,J37,750)*0.05*AG37 | AI37: 10.19 | AJ37: 9 | AK37: =IF(AI37>AJ37*1.05,AI37-AJ37*1.05,IF(AI37<AJ37*0.95,AJ37*0.95-AI37,0)) | AL37: =MAX(F37,G37,750)*0.05*AK37 | AM37: 10 | AN37: =IF(AI37>AM37*1.05,AI37-AM37*1.05,IF(AI37<AM37*0.95,AM37*0.95-AI37,0)) | AO37: =MAX(F37,G37,750)*0.05*AN37 | AP37: 14.78 | AQ37: 14.3 | AR37: =IF(AP37>AQ37*1.05,AP37-AQ37*1.05,IF(AP37<AQ37*0.95,AQ37*0.95-AP37,0)) | AS37: =MAX(F37:G37,750)*0.05*AR37 | AT37: 14.3 | AU37: =IF(AP37>AT37*1.05,AP37-AT37*1.05,IF(AP37<AT37*0.95,AT37*0.95-AP37,0)) | AV37: =MAX(F37:G37,750)*0.05*AU37 | AW37: =AC37+AJ37+AQ37 | AX37: =AF37+AM37+AT37 | AY37: =AB37+AI37+AP37 | AZ37: 0 | BA37: =AD37+AK37+AR37 | BB37: =MAX(F37:G37,750)*0.05*BA37 | BC37: =AG37+AN37+AU37 | BD37: =MAX(F37:G37,750)*0.05*BC37 | BE37: =F37*AY37 | BF37: =K37-M37 | BG37: =P37-S37 | BH37: =W37-AA37 | BI37: =BF37+BG37+BL37-BN37 | BJ37: =ABS(BK37) | BK37: =AY37-(J37-L37+N37-Q37) | BL37: =IF(AND(BK37>0,MIN($F37:$G37)<150,$E37="Enerji Açığı"),-100*BK37*1.03,IF(AND(BK37>0,MIN($F37:$G37)<150,$E37="Enerji Fazlası"),-100*BK37*1.06,IF(AND(BK37>0,MIN($F37:$G37)>=150,$E37="Enerji Açığı"),BK37*MIN($F37:$G37)*0.97,IF(AND(BK37>0,MIN($F37:$G37)>=150,$E37="Enerji Fazlası"),BK37*MIN($F37:$G37)*0.94,IF(AND(BK37<0,MAX($F37:$G37)=4500,$E37="Enerji Açığı"),4500*1.05*1.06*BK37,IF(AND(BK37<0,MAX($F37:$G37)=4500,$E37="Enerji Fazlası"),4500*1.05*1.03*BK37,IF(AND(BK37<0,$E37="Enerji Açığı"),MAX($F37,$G37,150)*BK37*1.06,IF(AND(BK37<0,$E37="Enerji Fazlası"),MAX($F37,$G37,150)*BK37*1.03,IF(AND(BK37<0,$E37="Dengede"),MAX($F37:$G37,150)*1.03*BK37,MIN($F37:$G37)*0.97*BK37))))))))) | BM37: =BE37-BI37-BN37 | BN37: =BB37 | BO37: =BE37-BI37 | BP37: =IF(AY37=0,0,BO37/AY37) | BQ37: =MAX((AY37+MAX((-J37+L37-N37+Q37),0)),(MAX((J37-L37+N37-Q37),0))) | BR37: =IFERROR(ABS(BK37/BQ37),0) | BS37: =IF(BR37<=0.1,0,BK37/BR37*(BR37-0.1)) | BT37: =IF((BS37)<0,MAX(F37:G37)*(BS37)*1.03,MIN(F37:G37)*(BS37)*0.97) | BU37: =IF(BR37>0.1,1,0) | BV37: =BF37+BG37+BH37+BY37-CA37 | BW37: =ABS(BX37) | BX37: =AY37-(J37-L37+N37-Q37+T37-X37) | BY37: =IF(AND(BX37>0,MIN($F37:$G37)<150,$E37="Enerji Açığı"),-100*BX37*1.03,IF(AND(BX37>0,MIN($F37:$G37)<150,$E37="Enerji Fazlası"),-100*BX37*1.06,IF(AND(BX37>0,MIN($F37:$G37)>=150,$E37="Enerji Açığı"),BX37*MIN($F37:$G37)*0.97,IF(AND(BX37>0,MIN($F37:$G37)>=150,$E37="Enerji Fazlası"),BX37*MIN($F37:$G37)*0.94,IF(AND(BX37<0,MAX($F37:$G37)=4500,$E37="Enerji Açığı"),4500*1.05*1.06*BX37,IF(AND(BX37<0,MAX($F37:$G37)=4500,$E37="Enerji Fazlası"),4500*1.05*1.03*BX37,IF(AND(BX37<0,$E37="Enerji Açığı"),MAX($F37,$G37,150)*BX37*1.06,IF(AND(BX37<0,$E37="Enerji Fazlası"),MAX($F37,$G37,150)*BX37*1.03,IF(AND(BX37<0,$E37="Dengede"),MAX($F37:$G37,150)*1.03*BX37,MIN($F37:$G37)*0.97*BX37))))))))) | BZ37: =BE37-BV37-CA37 | CA37: =BD37 | CB37: =BE37-BV37 | CC37: =IF(AY37=0,0,CB37/AY37) | CD37: =MAX((AY37+MAX((-J37+L37-N37+Q37-T37+X37),0)),(MAX((J37-L37+N37-Q37+T37-X37),0))) | CE37: =IFERROR(ABS(BX37/CD37),0) | CF37: =IF(CE37<=0.1,0,BX37/CE37*(CE37-0.1)) | CG37: =IF((CF37)<0,MAX(F37:G37)*(CF37)*1.03,MIN(F37:G37)*(CF37)*0.97) | CH37: =IF(CE37>0.1,1,0) | CI37: =(F37*BX37)-BY37 | CJ37: =IF(AY37=0,0,CI37/AY37)
... A48: 46205.875 | B48: 21:00 | C48: =INT(A48) | D48: =MONTH(A48) | E48: Enerji Fazlası | F48: 4500 | G48: 2555 | H48: 96.62 | I48: 4317.25 | J48: 0 | K48: =F48*J48 | L48: 0 | M48: =L48*F48 | N48: 16 | O48: =F48 | P48: =N48*O48 | Q48: 0 | R48: =F48 | S48: =R48*Q48 | U48: =IFERROR(W48/T48,0) | V48: =IF(U48=0,0,U48-F48) | Y48: =IFERROR(AA48/X48,0) | Z48: =IF(Y48=0,0,F48-Y48) | AB48: 0 | AC48: 0 | AD48: =IF(AB48>AC48*1.05,AB48-AC48*1.05,IF(AB48<AC48*0.95,AC48*0.95-AB48,0)) | AE48: =MAX(F48,G48,750)*0.05*AD48 | AF48: 0 | AG48: =IF(AB48>AF48*1.05,AB48-AF48*1.05,IF(AB48<AF48*0.95,AF48*0.95-AB48,0)) | AH48: =MAX(I48,J48,750)*0.05*AG48 | AI48: 9.67 | AJ48: 7 | AK48: =IF(AI48>AJ48*1.05,AI48-AJ48*1.05,IF(AI48<AJ48*0.95,AJ48*0.95-AI48,0)) | AL48: =MAX(F48,G48,750)*0.05*AK48 | AM48: 9 | AN48: =IF(AI48>AM48*1.05,AI48-AM48*1.05,IF(AI48<AM48*0.95,AM48*0.95-AI48,0)) | AO48: =MAX(F48,G48,750)*0.05*AN48 | AP48: 11.52 | AQ48: 9 | AR48: =IF(AP48>AQ48*1.05,AP48-AQ48*1.05,IF(AP48<AQ48*0.95,AQ48*0.95-AP48,0)) | AS48: =MAX(F48:G48,750)*0.05*AR48 | AT48: 12 | AU48: =IF(AP48>AT48*1.05,AP48-AT48*1.05,IF(AP48<AT48*0.95,AT48*0.95-AP48,0)) | AV48: =MAX(F48:G48,750)*0.05*AU48 | AW48: =AC48+AJ48+AQ48 | AX48: =AF48+AM48+AT48 | AY48: =AB48+AI48+AP48 | AZ48: 0 | BA48: =AD48+AK48+AR48 | BB48: =MAX(F48:G48,750)*0.05*BA48 | BC48: =AG48+AN48+AU48 | BD48: =MAX(F48:G48,750)*0.05*BC48 | BE48: =F48*AY48 | BF48: =K48-M48 | BG48: =P48-S48 | BH48: =W48-AA48 | BI48: =BF48+BG48+BL48-BN48 | BJ48: =ABS(BK48) | BK48: =AY48-(J48-L48+N48-Q48) | BL48: =IF(AND(BK48>0,MIN($F48:$G48)<150,$E48="Enerji Açığı"),-100*BK48*1.03,IF(AND(BK48>0,MIN($F48:$G48)<150,$E48="Enerji Fazlası"),-100*BK48*1.06,IF(AND(BK48>0,MIN($F48:$G48)>=150,$E48="Enerji Açığı"),BK48*MIN($F48:$G48)*0.97,IF(AND(BK48>0,MIN($F48:$G48)>=150,$E48="Enerji Fazlası"),BK48*MIN($F48:$G48)*0.94,IF(AND(BK48<0,MAX($F48:$G48)=4500,$E48="Enerji Açığı"),4500*1.05*1.06*BK48,IF(AND(BK48<0,MAX($F48:$G48)=4500,$E48="Enerji Fazlası"),4500*1.05*1.03*BK48,IF(AND(BK48<0,$E48="Enerji Açığı"),MAX($F48,$G48,150)*BK48*1.06,IF(AND(BK48<0,$E48="Enerji Fazlası"),MAX($F48,$G48,150)*BK48*1.03,IF(AND(BK48<0,$E48="Dengede"),MAX($F48:$G48,150)*1.03*BK48,MIN($F48:$G48)*0.97*BK48))))))))) | BM48: =BE48-BI48-BN48 | BN48: =BB48 | BO48: =BE48-BI48 | BP48: =IF(AY48=0,0,BO48/AY48) | BQ48: =MAX((AY48+MAX((-J48+L48-N48+Q48),0)),(MAX((J48-L48+N48-Q48),0))) | BR48: =IFERROR(ABS(BK48/BQ48),0) | BS48: =IF(BR48<=0.1,0,BK48/BR48*(BR48-0.1)) | BT48: =IF((BS48)<0,MAX(F48:G48)*(BS48)*1.03,MIN(F48:G48)*(BS48)*0.97) | BU48: =IF(BR48>0.1,1,0) | BV48: =BF48+BG48+BH48+BY48-CA48 | BW48: =ABS(BX48) | BX48: =AY48-(J48-L48+N48-Q48+T48-X48) | BY48: =IF(AND(BX48>0,MIN($F48:$G48)<150,$E48="Enerji Açığı"),-100*BX48*1.03,IF(AND(BX48>0,MIN($F48:$G48)<150,$E48="Enerji Fazlası"),-100*BX48*1.06,IF(AND(BX48>0,MIN($F48:$G48)>=150,$E48="Enerji Açığı"),BX48*MIN($F48:$G48)*0.97,IF(AND(BX48>0,MIN($F48:$G48)>=150,$E48="Enerji Fazlası"),BX48*MIN($F48:$G48)*0.94,IF(AND(BX48<0,MAX($F48:$G48)=4500,$E48="Enerji Açığı"),4500*1.05*1.06*BX48,IF(AND(BX48<0,MAX($F48:$G48)=4500,$E48="Enerji Fazlası"),4500*1.05*1.03*BX48,IF(AND(BX48<0,$E48="Enerji Açığı"),MAX($F48,$G48,150)*BX48*1.06,IF(AND(BX48<0,$E48="Enerji Fazlası"),MAX($F48,$G48,150)*BX48*1.03,IF(AND(BX48<0,$E48="Dengede"),MAX($F48:$G48,150)*1.03*BX48,MIN($F48:$G48)*0.97*BX48))))))))) | BZ48: =BE48-BV48-CA48 | CA48: =BD48 | CB48: =BE48-BV48 | CC48: =IF(AY48=0,0,CB48/AY48) | CD48: =MAX((AY48+MAX((-J48+L48-N48+Q48-T48+X48),0)),(MAX((J48-L48+N48-Q48+T48-X48),0))) | CE48: =IFERROR(ABS(BX48/CD48),0) | CF48: =IF(CE48<=0.1,0,BX48/CE48*(CE48-0.1)) | CG48: =IF((CF48)<0,MAX(F48:G48)*(CF48)*1.03,MIN(F48:G48)*(CF48)*0.97) | CH48: =IF(CE48>0.1,1,0) | CI48: =(F48*BX48)-BY48 | CJ48: =IF(AY48=0,0,CI48/AY48)
A49: 46205.917 | B49: 22:00 | C49: =INT(A49) | D49: =MONTH(A49) | E49: Enerji Açığı | F49: 4000.01 | G49: 4048 | H49: 85.88 | I49: 3941.25 | J49: 0 | K49: =F49*J49 | L49: 0 | M49: =L49*F49 | N49: 16 | O49: =F49 | P49: =N49*O49 | Q49: 0 | R49: =F49 | S49: =R49*Q49 | U49: =IFERROR(W49/T49,0) | V49: =IF(U49=0,0,U49-F49) | Y49: =IFERROR(AA49/X49,0) | Z49: =IF(Y49=0,0,F49-Y49) | AB49: 0 | AC49: 0 | AD49: =IF(AB49>AC49*1.05,AB49-AC49*1.05,IF(AB49<AC49*0.95,AC49*0.95-AB49,0)) | AE49: =MAX(F49,G49,750)*0.05*AD49 | AF49: 0 | AG49: =IF(AB49>AF49*1.05,AB49-AF49*1.05,IF(AB49<AF49*0.95,AF49*0.95-AB49,0)) | AH49: =MAX(I49,J49,750)*0.05*AG49 | AI49: 9.15 | AJ49: 7 | AK49: =IF(AI49>AJ49*1.05,AI49-AJ49*1.05,IF(AI49<AJ49*0.95,AJ49*0.95-AI49,0)) | AL49: =MAX(F49,G49,750)*0.05*AK49 | AM49: 9 | AN49: =IF(AI49>AM49*1.05,AI49-AM49*1.05,IF(AI49<AM49*0.95,AM49*0.95-AI49,0)) | AO49: =MAX(F49,G49,750)*0.05*AN49 | AP49: 12.02 | AQ49: 9 | AR49: =IF(AP49>AQ49*1.05,AP49-AQ49*1.05,IF(AP49<AQ49*0.95,AQ49*0.95-AP49,0)) | AS49: =MAX(F49:G49,750)*0.05*AR49 | AT49: 12 | AU49: =IF(AP49>AT49*1.05,AP49-AT49*1.05,IF(AP49<AT49*0.95,AT49*0.95-AP49,0)) | AV49: =MAX(F49:G49,750)*0.05*AU49 | AW49: =AC49+AJ49+AQ49 | AX49: =AF49+AM49+AT49 | AY49: =AB49+AI49+AP49 | AZ49: 0 | BA49: =AD49+AK49+AR49 | BB49: =MAX(F49:G49,750)*0.05*BA49 | BC49: =AG49+AN49+AU49 | BD49: =MAX(F49:G49,750)*0.05*BC49 | BE49: =F49*AY49 | BF49: =K49-M49 | BG49: =P49-S49 | BH49: =W49-AA49 | BI49: =BF49+BG49+BL49-BN49 | BJ49: =ABS(BK49) | BK49: =AY49-(J49-L49+N49-Q49) | BL49: =IF(AND(BK49>0,MIN($F49:$G49)<150,$E49="Enerji Açığı"),-100*BK49*1.03,IF(AND(BK49>0,MIN($F49:$G49)<150,$E49="Enerji Fazlası"),-100*BK49*1.06,IF(AND(BK49>0,MIN($F49:$G49)>=150,$E49="Enerji Açığı"),BK49*MIN($F49:$G49)*0.97,IF(AND(BK49>0,MIN($F49:$G49)>=150,$E49="Enerji Fazlası"),BK49*MIN($F49:$G49)*0.94,IF(AND(BK49<0,MAX($F49:$G49)=4500,$E49="Enerji Açığı"),4500*1.05*1.06*BK49,IF(AND(BK49<0,MAX($F49:$G49)=4500,$E49="Enerji Fazlası"),4500*1.05*1.03*BK49,IF(AND(BK49<0,$E49="Enerji Açığı"),MAX($F49,$G49,150)*BK49*1.06,IF(AND(BK49<0,$E49="Enerji Fazlası"),MAX($F49,$G49,150)*BK49*1.03,IF(AND(BK49<0,$E49="Dengede"),MAX($F49:$G49,150)*1.03*BK49,MIN($F49:$G49)*0.97*BK49))))))))) | BM49: =BE49-BI49-BN49 | BN49: =BB49 | BO49: =BE49-BI49 | BP49: =IF(AY49=0,0,BO49/AY49) | BQ49: =MAX((AY49+MAX((-J49+L49-N49+Q49),0)),(MAX((J49-L49+N49-Q49),0))) | BR49: =IFERROR(ABS(BK49/BQ49),0) | BS49: =IF(BR49<=0.1,0,BK49/BR49*(BR49-0.1)) | BT49: =IF((BS49)<0,MAX(F49:G49)*(BS49)*1.03,MIN(F49:G49)*(BS49)*0.97) | BU49: =IF(BR49>0.1,1,0) | BV49: =BF49+BG49+BH49+BY49-CA49 | BW49: =ABS(BX49) | BX49: =AY49-(J49-L49+N49-Q49+T49-X49) | BY49: =IF(AND(BX49>0,MIN($F49:$G49)<150,$E49="Enerji Açığı"),-100*BX49*1.03,IF(AND(BX49>0,MIN($F49:$G49)<150,$E49="Enerji Fazlası"),-100*BX49*1.06,IF(AND(BX49>0,MIN($F49:$G49)>=150,$E49="Enerji Açığı"),BX49*MIN($F49:$G49)*0.97,IF(AND(BX49>0,MIN($F49:$G49)>=150,$E49="Enerji Fazlası"),BX49*MIN($F49:$G49)*0.94,IF(AND(BX49<0,MAX($F49:$G49)=4500,$E49="Enerji Açığı"),4500*1.05*1.06*BX49,IF(AND(BX49<0,MAX($F49:$G49)=4500,$E49="Enerji Fazlası"),4500*1.05*1.03*BX49,IF(AND(BX49<0,$E49="Enerji Açığı"),MAX($F49,$G49,150)*BX49*1.06,IF(AND(BX49<0,$E49="Enerji Fazlası"),MAX($F49,$G49,150)*BX49*1.03,IF(AND(BX49<0,$E49="Dengede"),MAX($F49:$G49,150)*1.03*BX49,MIN($F49:$G49)*0.97*BX49))))))))) | BZ49: =BE49-BV49-CA49 | CA49: =BD49 | CB49: =BE49-BV49 | CC49: =IF(AY49=0,0,CB49/AY49) | CD49: =MAX((AY49+MAX((-J49+L49-N49+Q49-T49+X49),0)),(MAX((J49-L49+N49-Q49+T49-X49),0))) | CE49: =IFERROR(ABS(BX49/CD49),0) | CF49: =IF(CE49<=0.1,0,BX49/CE49*(CE49-0.1)) | CG49: =IF((CF49)<0,MAX(F49:G49)*(CF49)*1.03,MIN(F49:G49)*(CF49)*0.97) | CH49: =IF(CE49>0.1,1,0) | CI49: =(F49*BX49)-BY49 | CJ49: =IF(AY49=0,0,CI49/AY49) | CK49: l
A50: 46205.958 | B50: 23:00 | C50: =INT(A50) | D50: =MONTH(A50) | E50: Enerji Açığı | F50: 3499.4 | G50: 3499.4 | H50: 75.14 | I50: 3256.81 | J50: 0 | K50: =F50*J50 | L50: 0 | M50: =L50*F50 | N50: 16 | O50: =F50 | P50: =N50*O50 | Q50: 0 | R50: =F50 | S50: =R50*Q50 | U50: =IFERROR(W50/T50,0) | V50: =IF(U50=0,0,U50-F50) | Y50: =IFERROR(AA50/X50,0) | Z50: =IF(Y50=0,0,F50-Y50) | AB50: 0 | AC50: 0 | AD50: =IF(AB50>AC50*1.05,AB50-AC50*1.05,IF(AB50<AC50*0.95,AC50*0.95-AB50,0)) | AE50: =MAX(F50,G50,750)*0.05*AD50 | AF50: 0 | AG50: =IF(AB50>AF50*1.05,AB50-AF50*1.05,IF(AB50<AF50*0.95,AF50*0.95-AB50,0)) | AH50: =MAX(I50,J50,750)*0.05*AG50 | AI50: 10.16 | AJ50: 7 | AK50: =IF(AI50>AJ50*1.05,AI50-AJ50*1.05,IF(AI50<AJ50*0.95,AJ50*0.95-AI50,0)) | AL50: =MAX(F50,G50,750)*0.05*AK50 | AM50: 10 | AN50: =IF(AI50>AM50*1.05,AI50-AM50*1.05,IF(AI50<AM50*0.95,AM50*0.95-AI50,0)) | AO50: =MAX(F50,G50,750)*0.05*AN50 | AP50: 12.05 | AQ50: 9 | AR50: =IF(AP50>AQ50*1.05,AP50-AQ50*1.05,IF(AP50<AQ50*0.95,AQ50*0.95-AP50,0)) | AS50: =MAX(F50:G50,750)*0.05*AR50 | AT50: 12 | AU50: =IF(AP50>AT50*1.05,AP50-AT50*1.05,IF(AP50<AT50*0.95,AT50*0.95-AP50,0)) | AV50: =MAX(F50:G50,750)*0.05*AU50 | AW50: =AC50+AJ50+AQ50 | AX50: =AF50+AM50+AT50 | AY50: =AB50+AI50+AP50 | AZ50: 0 | BA50: =AD50+AK50+AR50 | BB50: =MAX(F50:G50,750)*0.05*BA50 | BC50: =AG50+AN50+AU50 | BD50: =MAX(F50:G50,750)*0.05*BC50 | BE50: =F50*AY50 | BF50: =K50-M50 | BG50: =P50-S50 | BH50: =W50-AA50 | BI50: =BF50+BG50+BL50-BN50 | BJ50: =ABS(BK50) | BK50: =AY50-(J50-L50+N50-Q50) | BL50: =IF(AND(BK50>0,MIN($F50:$G50)<150,$E50="Enerji Açığı"),-100*BK50*1.03,IF(AND(BK50>0,MIN($F50:$G50)<150,$E50="Enerji Fazlası"),-100*BK50*1.06,IF(AND(BK50>0,MIN($F50:$G50)>=150,$E50="Enerji Açığı"),BK50*MIN($F50:$G50)*0.97,IF(AND(BK50>0,MIN($F50:$G50)>=150,$E50="Enerji Fazlası"),BK50*MIN($F50:$G50)*0.94,IF(AND(BK50<0,MAX($F50:$G50)=4500,$E50="Enerji Açığı"),4500*1.05*1.06*BK50,IF(AND(BK50<0,MAX($F50:$G50)=4500,$E50="Enerji Fazlası"),4500*1.05*1.03*BK50,IF(AND(BK50<0,$E50="Enerji Açığı"),MAX($F50,$G50,150)*BK50*1.06,IF(AND(BK50<0,$E50="Enerji Fazlası"),MAX($F50,$G50,150)*BK50*1.03,IF(AND(BK50<0,$E50="Dengede"),MAX($F50:$G50,150)*1.03*BK50,MIN($F50:$G50)*0.97*BK50))))))))) | BM50: =BE50-BI50-BN50 | BN50: =BB50 | BO50: =BE50-BI50 | BP50: =IF(AY50=0,0,BO50/AY50) | BQ50: =MAX((AY50+MAX((-J50+L50-N50+Q50),0)),(MAX((J50-L50+N50-Q50),0))) | BR50: =IFERROR(ABS(BK50/BQ50),0) | BS50: =IF(BR50<=0.1,0,BK50/BR50*(BR50-0.1)) | BT50: =IF((BS50)<0,MAX(F50:G50)*(BS50)*1.03,MIN(F50:G50)*(BS50)*0.97) | BU50: =IF(BR50>0.1,1,0) | BV50: =BF50+BG50+BH50+BY50-CA50 | BW50: =ABS(BX50) | BX50: =AY50-(J50-L50+N50-Q50+T50-X50) | BY50: =IF(AND(BX50>0,MIN($F50:$G50)<150,$E50="Enerji Açığı"),-100*BX50*1.03,IF(AND(BX50>0,MIN($F50:$G50)<150,$E50="Enerji Fazlası"),-100*BX50*1.06,IF(AND(BX50>0,MIN($F50:$G50)>=150,$E50="Enerji Açığı"),BX50*MIN($F50:$G50)*0.97,IF(AND(BX50>0,MIN($F50:$G50)>=150,$E50="Enerji Fazlası"),BX50*MIN($F50:$G50)*0.94,IF(AND(BX50<0,MAX($F50:$G50)=4500,$E50="Enerji Açığı"),4500*1.05*1.06*BX50,IF(AND(BX50<0,MAX($F50:$G50)=4500,$E50="Enerji Fazlası"),4500*1.05*1.03*BX50,IF(AND(BX50<0,$E50="Enerji Açığı"),MAX($F50,$G50,150)*BX50*1.06,IF(AND(BX50<0,$E50="Enerji Fazlası"),MAX($F50,$G50,150)*BX50*1.03,IF(AND(BX50<0,$E50="Dengede"),MAX($F50:$G50,150)*1.03*BX50,MIN($F50:$G50)*0.97*BX50))))))))) | BZ50: =BE50-BV50-CA50 | CA50: =BD50 | CB50: =BE50-BV50 | CC50: =IF(AY50=0,0,CB50/AY50) | CD50: =MAX((AY50+MAX((-J50+L50-N50+Q50-T50+X50),0)),(MAX((J50-L50+N50-Q50+T50-X50),0))) | CE50: =IFERROR(ABS(BX50/CD50),0) | CF50: =IF(CE50<=0.1,0,BX50/CE50*(CE50-0.1)) | CG50: =IF((CF50)<0,MAX(F50:G50)*(CF50)*1.03,MIN(F50:G50)*(CF50)*0.97) | CH50: =IF(CE50>0.1,1,0) | CI50: =(F50*BX50)-BY50 | CJ50: =IF(AY50=0,0,CI50/AY50)
A51: 46206 | B51: 00:00 | C51: =INT(A51) | D51: =MONTH(A51) | E51: Enerji Açığı | F51: 3500.99 | G51: 3600 | H51: 75.15 | I51: 3407.05 | J51: 0 | K51: =F51*J51 | L51: 0 | M51: =L51*F51 | N51: 19 | O51: =F51 | P51: =N51*O51 | Q51: 0 | R51: =F51 | S51: =R51*Q51 | U51: =IFERROR(W51/T51,0) | V51: =IF(U51=0,0,U51-F51) | Y51: =IFERROR(AA51/X51,0) | Z51: =IF(Y51=0,0,F51-Y51) | AB51: 0 | AC51: 0 | AD51: =IF(AB51>AC51*1.05,AB51-AC51*1.05,IF(AB51<AC51*0.95,AC51*0.95-AB51,0)) | AE51: =MAX(F51,G51,750)*0.05*AD51 | AF51: 0 | AG51: =IF(AB51>AF51*1.05,AB51-AF51*1.05,IF(AB51<AF51*0.95,AF51*0.95-AB51,0)) | AH51: =MAX(I51,J51,750)*0.05*AG51 | AI51: 10.15 | AJ51: 8 | AK51: =IF(AI51>AJ51*1.05,AI51-AJ51*1.05,IF(AI51<AJ51*0.95,AJ51*0.95-AI51,0)) | AL51: =MAX(F51,G51,750)*0.05*AK51 | AM51: 10 | AN51: =IF(AI51>AM51*1.05,AI51-AM51*1.05,IF(AI51<AM51*0.95,AM51*0.95-AI51,0)) | AO51: =MAX(F51,G51,750)*0.05*AN51 | AP51: 12.1 | AQ51: 11 | AR51: =IF(AP51>AQ51*1.05,AP51-AQ51*1.05,IF(AP51<AQ51*0.95,AQ51*0.95-AP51,0)) | AS51: =MAX(F51:G51,750)*0.05*AR51 | AT51: 12 | AU51: =IF(AP51>AT51*1.05,AP51-AT51*1.05,IF(AP51<AT51*0.95,AT51*0.95-AP51,0)) | AV51: =MAX(F51:G51,750)*0.05*AU51 | AW51: =AC51+AJ51+AQ51 | AX51: =AF51+AM51+AT51 | AY51: =AB51+AI51+AP51 | AZ51: 0 | BA51: =AD51+AK51+AR51 | BB51: =MAX(F51:G51,750)*0.05*BA51 | BC51: =AG51+AN51+AU51 | BD51: =MAX(F51:G51,750)*0.05*BC51 | BE51: =F51*AY51 | BF51: =K51-M51 | BG51: =P51-S51 | BH51: =W51-AA51 | BI51: =BF51+BG51+BL51-BN51 | BJ51: =ABS(BK51) | BK51: =AY51-(J51-L51+N51-Q51) | BL51: =IF(AND(BK51>0,MIN($F51:$G51)<150,$E51="Enerji Açığı"),-100*BK51*1.03,IF(AND(BK51>0,MIN($F51:$G51)<150,$E51="Enerji Fazlası"),-100*BK51*1.06,IF(AND(BK51>0,MIN($F51:$G51)>=150,$E51="Enerji Açığı"),BK51*MIN($F51:$G51)*0.97,IF(AND(BK51>0,MIN($F51:$G51)>=150,$E51="Enerji Fazlası"),BK51*MIN($F51:$G51)*0.94,IF(AND(BK51<0,MAX($F51:$G51)=4500,$E51="Enerji Açığı"),4500*1.05*1.06*BK51,IF(AND(BK51<0,MAX($F51:$G51)=4500,$E51="Enerji Fazlası"),4500*1.05*1.03*BK51,IF(AND(BK51<0,$E51="Enerji Açığı"),MAX($F51,$G51,150)*BK51*1.06,IF(AND(BK51<0,$E51="Enerji Fazlası"),MAX($F51,$G51,150)*BK51*1.03,IF(AND(BK51<0,$E51="Dengede"),MAX($F51:$G51,150)*1.03*BK51,MIN($F51:$G51)*0.97*BK51))))))))) | BM51: =BE51-BI51-BN51 | BN51: =BB51 | BO51: =BE51-BI51 | BP51: =IF(AY51=0,0,BO51/AY51) | BQ51: =MAX((AY51+MAX((-J51+L51-N51+Q51),0)),(MAX((J51-L51+N51-Q51),0))) | BR51: =IFERROR(ABS(BK51/BQ51),0) | BS51: =IF(BR51<=0.1,0,BK51/BR51*(BR51-0.1)) | BT51: =IF((BS51)<0,MAX(F51:G51)*(BS51)*1.03,MIN(F51:G51)*(BS51)*0.97) | BU51: =IF(BR51>0.1,1,0) | BV51: =BF51+BG51+BH51+BY51-CA51 | BW51: =ABS(BX51) | BX51: =AY51-(J51-L51+N51-Q51+T51-X51) | BY51: =IF(AND(BX51>0,MIN($F51:$G51)<150,$E51="Enerji Açığı"),-100*BX51*1.03,IF(AND(BX51>0,MIN($F51:$G51)<150,$E51="Enerji Fazlası"),-100*BX51*1.06,IF(AND(BX51>0,MIN($F51:$G51)>=150,$E51="Enerji Açığı"),BX51*MIN($F51:$G51)*0.97,IF(AND(BX51>0,MIN($F51:$G51)>=150,$E51="Enerji Fazlası"),BX51*MIN($F51:$G51)*0.94,IF(AND(BX51<0,MAX($F51:$G51)=4500,$E51="Enerji Açığı"),4500*1.05*1.06*BX51,IF(AND(BX51<0,MAX($F51:$G51)=4500,$E51="Enerji Fazlası"),4500*1.05*1.03*BX51,IF(AND(BX51<0,$E51="Enerji Açığı"),MAX($F51,$G51,150)*BX51*1.06,IF(AND(BX51<0,$E51="Enerji Fazlası"),MAX($F51,$G51,150)*BX51*1.03,IF(AND(BX51<0,$E51="Dengede"),MAX($F51:$G51,150)*1.03*BX51,MIN($F51:$G51)*0.97*BX51))))))))) | BZ51: =BE51-BV51-CA51 | CA51: =BD51 | CB51: =BE51-BV51 | CC51: =IF(AY51=0,0,CB51/AY51) | CD51: =MAX((AY51+MAX((-J51+L51-N51+Q51-T51+X51),0)),(MAX((J51-L51+N51-Q51+T51-X51),0))) | CE51: =IFERROR(ABS(BX51/CD51),0) | CF51: =IF(CE51<=0.1,0,BX51/CE51*(CE51-0.1)) | CG51: =IF((CF51)<0,MAX(F51:G51)*(CF51)*1.03,MIN(F51:G51)*(CF51)*0.97) | CH51: =IF(CE51>0.1,1,0) | CI51: =(F51*BX51)-BY51 | CJ51: =IF(AY51=0,0,CI51/AY51)
A52: 46206.042 | B52: 01:00 | C52: =INT(A52) | D52: =MONTH(A52) | E52: Enerji Açığı | F52: 3000 | G52: 3101 | H52: 64.4 | I52: 3123.55 | J52: 0 | K52: =F52*J52 | L52: 0 | M52: =L52*F52 | N52: 19 | O52: =F52 | P52: =N52*O52 | Q52: 0 | R52: =F52 | S52: =R52*Q52 | U52: =IFERROR(W52/T52,0) | V52: =IF(U52=0,0,U52-F52) | Y52: =IFERROR(AA52/X52,0) | Z52: =IF(Y52=0,0,F52-Y52) | AB52: 0 | AC52: 0 | AD52: =IF(AB52>AC52*1.05,AB52-AC52*1.05,IF(AB52<AC52*0.95,AC52*0.95-AB52,0)) | AE52: =MAX(F52,G52,750)*0.05*AD52 | AF52: 0 | AG52: =IF(AB52>AF52*1.05,AB52-AF52*1.05,IF(AB52<AF52*0.95,AF52*0.95-AB52,0)) | AH52: =MAX(I52,J52,750)*0.05*AG52 | AI52: 8.16 | AJ52: 8 | AK52: =IF(AI52>AJ52*1.05,AI52-AJ52*1.05,IF(AI52<AJ52*0.95,AJ52*0.95-AI52,0)) | AL52: =MAX(F52,G52,750)*0.05*AK52 | AM52: 8 | AN52: =IF(AI52>AM52*1.05,AI52-AM52*1.05,IF(AI52<AM52*0.95,AM52*0.95-AI52,0)) | AO52: =MAX(F52,G52,750)*0.05*AN52 | AP52: 12.12 | AQ52: 11 | AR52: =IF(AP52>AQ52*1.05,AP52-AQ52*1.05,IF(AP52<AQ52*0.95,AQ52*0.95-AP52,0)) | AS52: =MAX(F52:G52,750)*0.05*AR52 | AT52: 12 | AU52: =IF(AP52>AT52*1.05,AP52-AT52*1.05,IF(AP52<AT52*0.95,AT52*0.95-AP52,0)) | AV52: =MAX(F52:G52,750)*0.05*AU52 | AW52: =AC52+AJ52+AQ52 | AX52: =AF52+AM52+AT52 | AY52: =AB52+AI52+AP52 | AZ52: 0 | BA52: =AD52+AK52+AR52 | BB52: =MAX(F52:G52,750)*0.05*BA52 | BC52: =AG52+AN52+AU52 | BD52: =MAX(F52:G52,750)*0.05*BC52 | BE52: =F52*AY52 | BF52: =K52-M52 | BG52: =P52-S52 | BH52: =W52-AA52 | BI52: =BF52+BG52+BL52-BN52 | BJ52: =ABS(BK52) | BK52: =AY52-(J52-L52+N52-Q52) | BL52: =IF(AND(BK52>0,MIN($F52:$G52)<150,$E52="Enerji Açığı"),-100*BK52*1.03,IF(AND(BK52>0,MIN($F52:$G52)<150,$E52="Enerji Fazlası"),-100*BK52*1.06,IF(AND(BK52>0,MIN($F52:$G52)>=150,$E52="Enerji Açığı"),BK52*MIN($F52:$G52)*0.97,IF(AND(BK52>0,MIN($F52:$G52)>=150,$E52="Enerji Fazlası"),BK52*MIN($F52:$G52)*0.94,IF(AND(BK52<0,MAX($F52:$G52)=4500,$E52="Enerji Açığı"),4500*1.05*1.06*BK52,IF(AND(BK52<0,MAX($F52:$G52)=4500,$E52="Enerji Fazlası"),4500*1.05*1.03*BK52,IF(AND(BK52<0,$E52="Enerji Açığı"),MAX($F52,$G52,150)*BK52*1.06,IF(AND(BK52<0,$E52="Enerji Fazlası"),MAX($F52,$G52,150)*BK52*1.03,IF(AND(BK52<0,$E52="Dengede"),MAX($F52:$G52,150)*1.03*BK52,MIN($F52:$G52)*0.97*BK52))))))))) | BM52: =BE52-BI52-BN52 | BN52: =BB52 | BO52: =BE52-BI52 | BP52: =IF(AY52=0,0,BO52/AY52) | BQ52: =MAX((AY52+MAX((-J52+L52-N52+Q52),0)),(MAX((J52-L52+N52-Q52),0))) | BR52: =IFERROR(ABS(BK52/BQ52),0) | BS52: =IF(BR52<=0.1,0,BK52/BR52*(BR52-0.1)) | BT52: =IF((BS52)<0,MAX(F52:G52)*(BS52)*1.03,MIN(F52:G52)*(BS52)*0.97) | BU52: =IF(BR52>0.1,1,0) | BV52: =BF52+BG52+BH52+BY52-CA52 | BW52: =ABS(BX52) | BX52: =AY52-(J52-L52+N52-Q52+T52-X52) | BY52: =IF(AND(BX52>0,MIN($F52:$G52)<150,$E52="Enerji Açığı"),-100*BX52*1.03,IF(AND(BX52>0,MIN($F52:$G52)<150,$E52="Enerji Fazlası"),-100*BX52*1.06,IF(AND(BX52>0,MIN($F52:$G52)>=150,$E52="Enerji Açığı"),BX52*MIN($F52:$G52)*0.97,IF(AND(BX52>0,MIN($F52:$G52)>=150,$E52="Enerji Fazlası"),BX52*MIN($F52:$G52)*0.94,IF(AND(BX52<0,MAX($F52:$G52)=4500,$E52="Enerji Açığı"),4500*1.05*1.06*BX52,IF(AND(BX52<0,MAX($F52:$G52)=4500,$E52="Enerji Fazlası"),4500*1.05*1.03*BX52,IF(AND(BX52<0,$E52="Enerji Açığı"),MAX($F52,$G52,150)*BX52*1.06,IF(AND(BX52<0,$E52="Enerji Fazlası"),MAX($F52,$G52,150)*BX52*1.03,IF(AND(BX52<0,$E52="Dengede"),MAX($F52:$G52,150)*1.03*BX52,MIN($F52:$G52)*0.97*BX52))))))))) | BZ52: =BE52-BV52-CA52 | CA52: =BD52 | CB52: =BE52-BV52 | CC52: =IF(AY52=0,0,CB52/AY52) | CD52: =MAX((AY52+MAX((-J52+L52-N52+Q52-T52+X52),0)),(MAX((J52-L52+N52-Q52+T52-X52),0))) | CE52: =IFERROR(ABS(BX52/CD52),0) | CF52: =IF(CE52<=0.1,0,BX52/CE52*(CE52-0.1)) | CG52: =IF((CF52)<0,MAX(F52:G52)*(CF52)*1.03,MIN(F52:G52)*(CF52)*0.97) | CH52: =IF(CE52>0.1,1,0) | CI52: =(F52*BX52)-BY52 | CJ52: =IF(AY52=0,0,CI52/AY52)
A53: 46206.083 | B53: 02:00 | C53: =INT(A53) | D53: =MONTH(A53) | E53: Enerji Açığı | F53: 3499.99 | G53: 3800 | H53: 75.13 | I53: 3584.52 | J53: 0 | K53: =F53*J53 | L53: 0 | M53: =L53*F53 | N53: 19 | O53: =F53 | P53: =N53*O53 | Q53: 0 | R53: =F53 | S53: =R53*Q53 | U53: =IFERROR(W53/T53,0) | V53: =IF(U53=0,0,U53-F53) | Y53: =IFERROR(AA53/X53,0) | Z53: =IF(Y53=0,0,F53-Y53) | AB53: 0 | AC53: 0 | AD53: =IF(AB53>AC53*1.05,AB53-AC53*1.05,IF(AB53<AC53*0.95,AC53*0.95-AB53,0)) | AE53: =MAX(F53,G53,750)*0.05*AD53 | AF53: 0 | AG53: =IF(AB53>AF53*1.05,AB53-AF53*1.05,IF(AB53<AF53*0.95,AF53*0.95-AB53,0)) | AH53: =MAX(I53,J53,750)*0.05*AG53 | AI53: 9.18 | AJ53: 8 | AK53: =IF(AI53>AJ53*1.05,AI53-AJ53*1.05,IF(AI53<AJ53*0.95,AJ53*0.95-AI53,0)) | AL53: =MAX(F53,G53,750)*0.05*AK53 | AM53: 9 | AN53: =IF(AI53>AM53*1.05,AI53-AM53*1.05,IF(AI53<AM53*0.95,AM53*0.95-AI53,0)) | AO53: =MAX(F53,G53,750)*0.05*AN53 | AP53: 12.1 | AQ53: 11 | AR53: =IF(AP53>AQ53*1.05,AP53-AQ53*1.05,IF(AP53<AQ53*0.95,AQ53*0.95-AP53,0)) | AS53: =MAX(F53:G53,750)*0.05*AR53 | AT53: 12 | AU53: =IF(AP53>AT53*1.05,AP53-AT53*1.05,IF(AP53<AT53*0.95,AT53*0.95-AP53,0)) | AV53: =MAX(F53:G53,750)*0.05*AU53 | AW53: =AC53+AJ53+AQ53 | AX53: =AF53+AM53+AT53 | AY53: =AB53+AI53+AP53 | AZ53: 0 | BA53: =AD53+AK53+AR53 | BB53: =MAX(F53:G53,750)*0.05*BA53 | BC53: =AG53+AN53+AU53 | BD53: =MAX(F53:G53,750)*0.05*BC53 | BE53: =F53*AY53 | BF53: =K53-M53 | BG53: =P53-S53 | BH53: =W53-AA53 | BI53: =BF53+BG53+BL53-BN53 | BJ53: =ABS(BK53) | BK53: =AY53-(J53-L53+N53-Q53) | BL53: =IF(AND(BK53>0,MIN($F53:$G53)<150,$E53="Enerji Açığı"),-100*BK53*1.03,IF(AND(BK53>0,MIN($F53:$G53)<150,$E53="Enerji Fazlası"),-100*BK53*1.06,IF(AND(BK53>0,MIN($F53:$G53)>=150,$E53="Enerji Açığı"),BK53*MIN($F53:$G53)*0.97,IF(AND(BK53>0,MIN($F53:$G53)>=150,$E53="Enerji Fazlası"),BK53*MIN($F53:$G53)*0.94,IF(AND(BK53<0,MAX($F53:$G53)=4500,$E53="Enerji Açığı"),4500*1.05*1.06*BK53,IF(AND(BK53<0,MAX($F53:$G53)=4500,$E53="Enerji Fazlası"),4500*1.05*1.03*BK53,IF(AND(BK53<0,$E53="Enerji Açığı"),MAX($F53,$G53,150)*BK53*1.06,IF(AND(BK53<0,$E53="Enerji Fazlası"),MAX($F53,$G53,150)*BK53*1.03,IF(AND(BK53<0,$E53="Dengede"),MAX($F53:$G53,150)*1.03*BK53,MIN($F53:$G53)*0.97*BK53))))))))) | BM53: =BE53-BI53-BN53 | BN53: =BB53 | BO53: =BE53-BI53 | BP53: =IF(AY53=0,0,BO53/AY53) | BQ53: =MAX((AY53+MAX((-J53+L53-N53+Q53),0)),(MAX((J53-L53+N53-Q53),0))) | BR53: =IFERROR(ABS(BK53/BQ53),0) | BS53: =IF(BR53<=0.1,0,BK53/BR53*(BR53-0.1)) | BT53: =IF((BS53)<0,MAX(F53:G53)*(BS53)*1.03,MIN(F53:G53)*(BS53)*0.97) | BU53: =IF(BR53>0.1,1,0) | BV53: =BF53+BG53+BH53+BY53-CA53 | BW53: =ABS(BX53) | BX53: =AY53-(J53-L53+N53-Q53+T53-X53) | BY53: =IF(AND(BX53>0,MIN($F53:$G53)<150,$E53="Enerji Açığı"),-100*BX53*1.03,IF(AND(BX53>0,MIN($F53:$G53)<150,$E53="Enerji Fazlası"),-100*BX53*1.06,IF(AND(BX53>0,MIN($F53:$G53)>=150,$E53="Enerji Açığı"),BX53*MIN($F53:$G53)*0.97,IF(AND(BX53>0,MIN($F53:$G53)>=150,$E53="Enerji Fazlası"),BX53*MIN($F53:$G53)*0.94,IF(AND(BX53<0,MAX($F53:$G53)=4500,$E53="Enerji Açığı"),4500*1.05*1.06*BX53,IF(AND(BX53<0,MAX($F53:$G53)=4500,$E53="Enerji Fazlası"),4500*1.05*1.03*BX53,IF(AND(BX53<0,$E53="Enerji Açığı"),MAX($F53,$G53,150)*BX53*1.06,IF(AND(BX53<0,$E53="Enerji Fazlası"),MAX($F53,$G53,150)*BX53*1.03,IF(AND(BX53<0,$E53="Dengede"),MAX($F53:$G53,150)*1.03*BX53,MIN($F53:$G53)*0.97*BX53))))))))) | BZ53: =BE53-BV53-CA53 | CA53: =BD53 | CB53: =BE53-BV53 | CC53: =IF(AY53=0,0,CB53/AY53) | CD53: =MAX((AY53+MAX((-J53+L53-N53+Q53-T53+X53),0)),(MAX((J53-L53+N53-Q53+T53-X53),0))) | CE53: =IFERROR(ABS(BX53/CD53),0) | CF53: =IF(CE53<=0.1,0,BX53/CE53*(CE53-0.1)) | CG53: =IF((CF53)<0,MAX(F53:G53)*(CF53)*1.03,MIN(F53:G53)*(CF53)*0.97) | CH53: =IF(CE53>0.1,1,0) | CI53: =(F53*BX53)-BY53 | CJ53: =IF(AY53=0,0,CI53/AY53)
A54: 46206.125 | B54: 03:00 | C54: =INT(A54) | D54: =MONTH(A54) | E54: Enerji Fazlası | F54: 3500 | G54: 2222 | H54: 75.13 | I54: 3115.75 | J54: 0 | K54: =F54*J54 | L54: 0 | M54: =L54*F54 | N54: 19 | O54: =F54 | P54: =N54*O54 | Q54: 0 | R54: =F54 | S54: =R54*Q54 | U54: =IFERROR(W54/T54,0) | V54: =IF(U54=0,0,U54-F54) | Y54: =IFERROR(AA54/X54,0) | Z54: =IF(Y54=0,0,F54-Y54) | AB54: 0 | AC54: 0 | AD54: =IF(AB54>AC54*1.05,AB54-AC54*1.05,IF(AB54<AC54*0.95,AC54*0.95-AB54,0)) | AE54: =MAX(F54,G54,750)*0.05*AD54 | AF54: 0 | AG54: =IF(AB54>AF54*1.05,AB54-AF54*1.05,IF(AB54<AF54*0.95,AF54*0.95-AB54,0)) | AH54: =MAX(I54,J54,750)*0.05*AG54 | AI54: 8.23 | AJ54: 8 | AK54: =IF(AI54>AJ54*1.05,AI54-AJ54*1.05,IF(AI54<AJ54*0.95,AJ54*0.95-AI54,0)) | AL54: =MAX(F54,G54,750)*0.05*AK54 | AM54: 8 | AN54: =IF(AI54>AM54*1.05,AI54-AM54*1.05,IF(AI54<AM54*0.95,AM54*0.95-AI54,0)) | AO54: =MAX(F54,G54,750)*0.05*AN54 | AP54: 12.1 | AQ54: 11 | AR54: =IF(AP54>AQ54*1.05,AP54-AQ54*1.05,IF(AP54<AQ54*0.95,AQ54*0.95-AP54,0)) | AS54: =MAX(F54:G54,750)*0.05*AR54 | AT54: 12 | AU54: =IF(AP54>AT54*1.05,AP54-AT54*1.05,IF(AP54<AT54*0.95,AT54*0.95-AP54,0)) | AV54: =MAX(F54:G54,750)*0.05*AU54 | AW54: =AC54+AJ54+AQ54 | AX54: =AF54+AM54+AT54 | AY54: =AB54+AI54+AP54 | AZ54: 0 | BA54: =AD54+AK54+AR54 | BB54: =MAX(F54:G54,750)*0.05*BA54 | BC54: =AG54+AN54+AU54 | BD54: =MAX(F54:G54,750)*0.05*BC54 | BE54: =F54*AY54 | BF54: =K54-M54 | BG54: =P54-S54 | BH54: =W54-AA54 | BI54: =BF54+BG54+BL54-BN54 | BJ54: =ABS(BK54) | BK54: =AY54-(J54-L54+N54-Q54) | BL54: =IF(AND(BK54>0,MIN($F54:$G54)<150,$E54="Enerji Açığı"),-100*BK54*1.03,IF(AND(BK54>0,MIN($F54:$G54)<150,$E54="Enerji Fazlası"),-100*BK54*1.06,IF(AND(BK54>0,MIN($F54:$G54)>=150,$E54="Enerji Açığı"),BK54*MIN($F54:$G54)*0.97,IF(AND(BK54>0,MIN($F54:$G54)>=150,$E54="Enerji Fazlası"),BK54*MIN($F54:$G54)*0.94,IF(AND(BK54<0,MAX($F54:$G54)=4500,$E54="Enerji Açığı"),4500*1.05*1.06*BK54,IF(AND(BK54<0,MAX($F54:$G54)=4500,$E54="Enerji Fazlası"),4500*1.05*1.03*BK54,IF(AND(BK54<0,$E54="Enerji Açığı"),MAX($F54,$G54,150)*BK54*1.06,IF(AND(BK54<0,$E54="Enerji Fazlası"),MAX($F54,$G54,150)*BK54*1.03,IF(AND(BK54<0,$E54="Dengede"),MAX($F54:$G54,150)*1.03*BK54,MIN($F54:$G54)*0.97*BK54))))))))) | BM54: =BE54-BI54-BN54 | BN54: =BB54 | BO54: =BE54-BI54 | BP54: =IF(AY54=0,0,BO54/AY54) | BQ54: =MAX((AY54+MAX((-J54+L54-N54+Q54),0)),(MAX((J54-L54+N54-Q54),0))) | BR54: =IFERROR(ABS(BK54/BQ54),0) | BS54: =IF(BR54<=0.1,0,BK54/BR54*(BR54-0.1)) | BT54: =IF((BS54)<0,MAX(F54:G54)*(BS54)*1.03,MIN(F54:G54)*(BS54)*0.97) | BU54: =IF(BR54>0.1,1,0) | BV54: =BF54+BG54+BH54+BY54-CA54 | BW54: =ABS(BX54) | BX54: =AY54-(J54-L54+N54-Q54+T54-X54) | BY54: =IF(AND(BX54>0,MIN($F54:$G54)<150,$E54="Enerji Açığı"),-100*BX54*1.03,IF(AND(BX54>0,MIN($F54:$G54)<150,$E54="Enerji Fazlası"),-100*BX54*1.06,IF(AND(BX54>0,MIN($F54:$G54)>=150,$E54="Enerji Açığı"),BX54*MIN($F54:$G54)*0.97,IF(AND(BX54>0,MIN($F54:$G54)>=150,$E54="Enerji Fazlası"),BX54*MIN($F54:$G54)*0.94,IF(AND(BX54<0,MAX($F54:$G54)=4500,$E54="Enerji Açığı"),4500*1.05*1.06*BX54,IF(AND(BX54<0,MAX($F54:$G54)=4500,$E54="Enerji Fazlası"),4500*1.05*1.03*BX54,IF(AND(BX54<0,$E54="Enerji Açığı"),MAX($F54,$G54,150)*BX54*1.06,IF(AND(BX54<0,$E54="Enerji Fazlası"),MAX($F54,$G54,150)*BX54*1.03,IF(AND(BX54<0,$E54="Dengede"),MAX($F54:$G54,150)*1.03*BX54,MIN($F54:$G54)*0.97*BX54))))))))) | BZ54: =BE54-BV54-CA54 | CA54: =BD54 | CB54: =BE54-BV54 | CC54: =IF(AY54=0,0,CB54/AY54) | CD54: =MAX((AY54+MAX((-J54+L54-N54+Q54-T54+X54),0)),(MAX((J54-L54+N54-Q54+T54-X54),0))) | CE54: =IFERROR(ABS(BX54/CD54),0) | CF54: =IF(CE54<=0.1,0,BX54/CE54*(CE54-0.1)) | CG54: =IF((CF54)<0,MAX(F54:G54)*(CF54)*1.03,MIN(F54:G54)*(CF54)*0.97) | CH54: =IF(CE54>0.1,1,0) | CI54: =(F54*BX54)-BY54 | CJ54: =IF(AY54=0,0,CI54/AY54)
A55: 46206.167 | B55: 04:00 | C55: =INT(A55) | D55: =MONTH(A55) | E55: Enerji Fazlası | F55: 4090.79 | G55: 1500 | H55: 87.81 | I55: 3896.97 | J55: 0 | K55: =F55*J55 | L55: 0 | M55: =L55*F55 | N55: 19 | O55: =F55 | P55: =N55*O55 | Q55: 0 | R55: =F55 | S55: =R55*Q55 | U55: =IFERROR(W55/T55,0) | V55: =IF(U55=0,0,U55-F55) | Y55: =IFERROR(AA55/X55,0) | Z55: =IF(Y55=0,0,F55-Y55) | AB55: 0 | AC55: 0 | AD55: =IF(AB55>AC55*1.05,AB55-AC55*1.05,IF(AB55<AC55*0.95,AC55*0.95-AB55,0)) | AE55: =MAX(F55,G55,750)*0.05*AD55 | AF55: 0 | AG55: =IF(AB55>AF55*1.05,AB55-AF55*1.05,IF(AB55<AF55*0.95,AF55*0.95-AB55,0)) | AH55: =MAX(I55,J55,750)*0.05*AG55 | AI55: 9.05 | AJ55: 8 | AK55: =IF(AI55>AJ55*1.05,AI55-AJ55*1.05,IF(AI55<AJ55*0.95,AJ55*0.95-AI55,0)) | AL55: =MAX(F55,G55,750)*0.05*AK55 | AM55: 9 | AN55: =IF(AI55>AM55*1.05,AI55-AM55*1.05,IF(AI55<AM55*0.95,AM55*0.95-AI55,0)) | AO55: =MAX(F55,G55,750)*0.05*AN55 | AP55: 12.11 | AQ55: 11 | AR55: =IF(AP55>AQ55*1.05,AP55-AQ55*1.05,IF(AP55<AQ55*0.95,AQ55*0.95-AP55,0)) | AS55: =MAX(F55:G55,750)*0.05*AR55 | AT55: 12 | AU55: =IF(AP55>AT55*1.05,AP55-AT55*1.05,IF(AP55<AT55*0.95,AT55*0.95-AP55,0)) | AV55: =MAX(F55:G55,750)*0.05*AU55 | AW55: =AC55+AJ55+AQ55 | AX55: =AF55+AM55+AT55 | AY55: =AB55+AI55+AP55 | AZ55: 0 | BA55: =AD55+AK55+AR55 | BB55: =MAX(F55:G55,750)*0.05*BA55 | BC55: =AG55+AN55+AU55 | BD55: =MAX(F55:G55,750)*0.05*BC55 | BE55: =F55*AY55 | BF55: =K55-M55 | BG55: =P55-S55 | BH55: =W55-AA55 | BI55: =BF55+BG55+BL55-BN55 | BJ55: =ABS(BK55) | BK55: =AY55-(J55-L55+N55-Q55) | BL55: =IF(AND(BK55>0,MIN($F55:$G55)<150,$E55="Enerji Açığı"),-100*BK55*1.03,IF(AND(BK55>0,MIN($F55:$G55)<150,$E55="Enerji Fazlası"),-100*BK55*1.06,IF(AND(BK55>0,MIN($F55:$G55)>=150,$E55="Enerji Açığı"),BK55*MIN($F55:$G55)*0.97,IF(AND(BK55>0,MIN($F55:$G55)>=150,$E55="Enerji Fazlası"),BK55*MIN($F55:$G55)*0.94,IF(AND(BK55<0,MAX($F55:$G55)=4500,$E55="Enerji Açığı"),4500*1.05*1.06*BK55,IF(AND(BK55<0,MAX($F55:$G55)=4500,$E55="Enerji Fazlası"),4500*1.05*1.03*BK55,IF(AND(BK55<0,$E55="Enerji Açığı"),MAX($F55,$G55,150)*BK55*1.06,IF(AND(BK55<0,$E55="Enerji Fazlası"),MAX($F55,$G55,150)*BK55*1.03,IF(AND(BK55<0,$E55="Dengede"),MAX($F55:$G55,150)*1.03*BK55,MIN($F55:$G55)*0.97*BK55))))))))) | BM55: =BE55-BI55-BN55 | BN55: =BB55 | BO55: =BE55-BI55 | BP55: =IF(AY55=0,0,BO55/AY55) | BQ55: =MAX((AY55+MAX((-J55+L55-N55+Q55),0)),(MAX((J55-L55+N55-Q55),0))) | BR55: =IFERROR(ABS(BK55/BQ55),0) | BS55: =IF(BR55<=0.1,0,BK55/BR55*(BR55-0.1)) | BT55: =IF((BS55)<0,MAX(F55:G55)*(BS55)*1.03,MIN(F55:G55)*(BS55)*0.97) | BU55: =IF(BR55>0.1,1,0) | BV55: =BF55+BG55+BH55+BY55-CA55 | BW55: =ABS(BX55) | BX55: =AY55-(J55-L55+N55-Q55+T55-X55) | BY55: =IF(AND(BX55>0,MIN($F55:$G55)<150,$E55="Enerji Açığı"),-100*BX55*1.03,IF(AND(BX55>0,MIN($F55:$G55)<150,$E55="Enerji Fazlası"),-100*BX55*1.06,IF(AND(BX55>0,MIN($F55:$G55)>=150,$E55="Enerji Açığı"),BX55*MIN($F55:$G55)*0.97,IF(AND(BX55>0,MIN($F55:$G55)>=150,$E55="Enerji Fazlası"),BX55*MIN($F55:$G55)*0.94,IF(AND(BX55<0,MAX($F55:$G55)=4500,$E55="Enerji Açığı"),4500*1.05*1.06*BX55,IF(AND(BX55<0,MAX($F55:$G55)=4500,$E55="Enerji Fazlası"),4500*1.05*1.03*BX55,IF(AND(BX55<0,$E55="Enerji Açığı"),MAX($F55,$G55,150)*BX55*1.06,IF(AND(BX55<0,$E55="Enerji Fazlası"),MAX($F55,$G55,150)*BX55*1.03,IF(AND(BX55<0,$E55="Dengede"),MAX($F55:$G55,150)*1.03*BX55,MIN($F55:$G55)*0.97*BX55))))))))) | BZ55: =BE55-BV55-CA55 | CA55: =BD55 | CB55: =BE55-BV55 | CC55: =IF(AY55=0,0,CB55/AY55) | CD55: =MAX((AY55+MAX((-J55+L55-N55+Q55-T55+X55),0)),(MAX((J55-L55+N55-Q55+T55-X55),0))) | CE55: =IFERROR(ABS(BX55/CD55),0) | CF55: =IF(CE55<=0.1,0,BX55/CE55*(CE55-0.1)) | CG55: =IF((CF55)<0,MAX(F55:G55)*(CF55)*1.03,MIN(F55:G55)*(CF55)*0.97) | CH55: =IF(CE55>0.1,1,0) | CI55: =(F55*BX55)-BY55 | CJ55: =IF(AY55=0,0,CI55/AY55)
A56: 46206.208 | B56: 05:00 | C56: =INT(A56) | D56: =MONTH(A56) | E56: Enerji Fazlası | F56: 3600 | G56: 2001 | H56: 77.28 | I56: 3156.57 | J56: 0 | K56: =F56*J56 | L56: 0 | M56: =L56*F56 | N56: 19 | O56: =F56 | P56: =N56*O56 | Q56: 0 | R56: =F56 | S56: =R56*Q56 | U56: =IFERROR(W56/T56,0) | V56: =IF(U56=0,0,U56-F56) | Y56: =IFERROR(AA56/X56,0) | Z56: =IF(Y56=0,0,F56-Y56) | AB56: 0 | AC56: 0 | AD56: =IF(AB56>AC56*1.05,AB56-AC56*1.05,IF(AB56<AC56*0.95,AC56*0.95-AB56,0)) | AE56: =MAX(F56,G56,750)*0.05*AD56 | AF56: 0 | AG56: =IF(AB56>AF56*1.05,AB56-AF56*1.05,IF(AB56<AF56*0.95,AF56*0.95-AB56,0)) | AH56: =MAX(I56,J56,750)*0.05*AG56 | AI56: 9.16 | AJ56: 8 | AK56: =IF(AI56>AJ56*1.05,AI56-AJ56*1.05,IF(AI56<AJ56*0.95,AJ56*0.95-AI56,0)) | AL56: =MAX(F56,G56,750)*0.05*AK56 | AM56: 9 | AN56: =IF(AI56>AM56*1.05,AI56-AM56*1.05,IF(AI56<AM56*0.95,AM56*0.95-AI56,0)) | AO56: =MAX(F56,G56,750)*0.05*AN56 | AP56: 12.13 | AQ56: 11 | AR56: =IF(AP56>AQ56*1.05,AP56-AQ56*1.05,IF(AP56<AQ56*0.95,AQ56*0.95-AP56,0)) | AS56: =MAX(F56:G56,750)*0.05*AR56 | AT56: 12 | AU56: =IF(AP56>AT56*1.05,AP56-AT56*1.05,IF(AP56<AT56*0.95,AT56*0.95-AP56,0)) | AV56: =MAX(F56:G56,750)*0.05*AU56 | AW56: =AC56+AJ56+AQ56 | AX56: =AF56+AM56+AT56 | AY56: =AB56+AI56+AP56 | AZ56: 0 | BA56: =AD56+AK56+AR56 | BB56: =MAX(F56:G56,750)*0.05*BA56 | BC56: =AG56+AN56+AU56 | BD56: =MAX(F56:G56,750)*0.05*BC56 | BE56: =F56*AY56 | BF56: =K56-M56 | BG56: =P56-S56 | BH56: =W56-AA56 | BI56: =BF56+BG56+BL56-BN56 | BJ56: =ABS(BK56) | BK56: =AY56-(J56-L56+N56-Q56) | BL56: =IF(AND(BK56>0,MIN($F56:$G56)<150,$E56="Enerji Açığı"),-100*BK56*1.03,IF(AND(BK56>0,MIN($F56:$G56)<150,$E56="Enerji Fazlası"),-100*BK56*1.06,IF(AND(BK56>0,MIN($F56:$G56)>=150,$E56="Enerji Açığı"),BK56*MIN($F56:$G56)*0.97,IF(AND(BK56>0,MIN($F56:$G56)>=150,$E56="Enerji Fazlası"),BK56*MIN($F56:$G56)*0.94,IF(AND(BK56<0,MAX($F56:$G56)=4500,$E56="Enerji Açığı"),4500*1.05*1.06*BK56,IF(AND(BK56<0,MAX($F56:$G56)=4500,$E56="Enerji Fazlası"),4500*1.05*1.03*BK56,IF(AND(BK56<0,$E56="Enerji Açığı"),MAX($F56,$G56,150)*BK56*1.06,IF(AND(BK56<0,$E56="Enerji Fazlası"),MAX($F56,$G56,150)*BK56*1.03,IF(AND(BK56<0,$E56="Dengede"),MAX($F56:$G56,150)*1.03*BK56,MIN($F56:$G56)*0.97*BK56))))))))) | BM56: =BE56-BI56-BN56 | BN56: =BB56 | BO56: =BE56-BI56 | BP56: =IF(AY56=0,0,BO56/AY56) | BQ56: =MAX((AY56+MAX((-J56+L56-N56+Q56),0)),(MAX((J56-L56+N56-Q56),0))) | BR56: =IFERROR(ABS(BK56/BQ56),0) | BS56: =IF(BR56<=0.1,0,BK56/BR56*(BR56-0.1)) | BT56: =IF((BS56)<0,MAX(F56:G56)*(BS56)*1.03,MIN(F56:G56)*(BS56)*0.97) | BU56: =IF(BR56>0.1,1,0) | BV56: =BF56+BG56+BH56+BY56-CA56 | BW56: =ABS(BX56) | BX56: =AY56-(J56-L56+N56-Q56+T56-X56) | BY56: =IF(AND(BX56>0,MIN($F56:$G56)<150,$E56="Enerji Açığı"),-100*BX56*1.03,IF(AND(BX56>0,MIN($F56:$G56)<150,$E56="Enerji Fazlası"),-100*BX56*1.06,IF(AND(BX56>0,MIN($F56:$G56)>=150,$E56="Enerji Açığı"),BX56*MIN($F56:$G56)*0.97,IF(AND(BX56>0,MIN($F56:$G56)>=150,$E56="Enerji Fazlası"),BX56*MIN($F56:$G56)*0.94,IF(AND(BX56<0,MAX($F56:$G56)=4500,$E56="Enerji Açığı"),4500*1.05*1.06*BX56,IF(AND(BX56<0,MAX($F56:$G56)=4500,$E56="Enerji Fazlası"),4500*1.05*1.03*BX56,IF(AND(BX56<0,$E56="Enerji Açığı"),MAX($F56,$G56,150)*BX56*1.06,IF(AND(BX56<0,$E56="Enerji Fazlası"),MAX($F56,$G56,150)*BX56*1.03,IF(AND(BX56<0,$E56="Dengede"),MAX($F56:$G56,150)*1.03*BX56,MIN($F56:$G56)*0.97*BX56))))))))) | BZ56: =BE56-BV56-CA56 | CA56: =BD56 | CB56: =BE56-BV56 | CC56: =IF(AY56=0,0,CB56/AY56) | CD56: =MAX((AY56+MAX((-J56+L56-N56+Q56-T56+X56),0)),(MAX((J56-L56+N56-Q56+T56-X56),0))) | CE56: =IFERROR(ABS(BX56/CD56),0) | CF56: =IF(CE56<=0.1,0,BX56/CE56*(CE56-0.1)) | CG56: =IF((CF56)<0,MAX(F56:G56)*(CF56)*1.03,MIN(F56:G56)*(CF56)*0.97) | CH56: =IF(CE56>0.1,1,0) | CI56: =(F56*BX56)-BY56 | CJ56: =IF(AY56=0,0,CI56/AY56)
A57: 46206.25 | B57: 06:00 | C57: =INT(A57) | D57: =MONTH(A57) | E57: Enerji Fazlası | F57: 2450.99 | G57: 2302.99 | H57: 52.61 | I57: 1602.82 | J57: 0 | K57: =F57*J57 | L57: 0 | M57: =L57*F57 | N57: 22.2 | O57: =F57 | P57: =N57*O57 | Q57: 0 | R57: =F57 | S57: =R57*Q57 | U57: =IFERROR(W57/T57,0) | V57: =IF(U57=0,0,U57-F57) | Y57: =IFERROR(AA57/X57,0) | Z57: =IF(Y57=0,0,F57-Y57) | AB57: 0 | AC57: 0 | AD57: =IF(AB57>AC57*1.05,AB57-AC57*1.05,IF(AB57<AC57*0.95,AC57*0.95-AB57,0)) | AE57: =MAX(F57,G57,750)*0.05*AD57 | AF57: 0 | AG57: =IF(AB57>AF57*1.05,AB57-AF57*1.05,IF(AB57<AF57*0.95,AF57*0.95-AB57,0)) | AH57: =MAX(I57,J57,750)*0.05*AG57 | AI57: 9.14 | AJ57: 9 | AK57: =IF(AI57>AJ57*1.05,AI57-AJ57*1.05,IF(AI57<AJ57*0.95,AJ57*0.95-AI57,0)) | AL57: =MAX(F57,G57,750)*0.05*AK57 | AM57: 9 | AN57: =IF(AI57>AM57*1.05,AI57-AM57*1.05,IF(AI57<AM57*0.95,AM57*0.95-AI57,0)) | AO57: =MAX(F57,G57,750)*0.05*AN57 | AP57: 13.26 | AQ57: 13.2 | AR57: =IF(AP57>AQ57*1.05,AP57-AQ57*1.05,IF(AP57<AQ57*0.95,AQ57*0.95-AP57,0)) | AS57: =MAX(F57:G57,750)*0.05*AR57 | AT57: 13.2 | AU57: =IF(AP57>AT57*1.05,AP57-AT57*1.05,IF(AP57<AT57*0.95,AT57*0.95-AP57,0)) | AV57: =MAX(F57:G57,750)*0.05*AU57 | AW57: =AC57+AJ57+AQ57 | AX57: =AF57+AM57+AT57 | AY57: =AB57+AI57+AP57 | AZ57: 0 | BA57: =AD57+AK57+AR57 | BB57: =MAX(F57:G57,750)*0.05*BA57 | BC57: =AG57+AN57+AU57 | BD57: =MAX(F57:G57,750)*0.05*BC57 | BE57: =F57*AY57 | BF57: =K57-M57 | BG57: =P57-S57 | BH57: =W57-AA57 | BI57: =BF57+BG57+BL57-BN57 | BJ57: =ABS(BK57) | BK57: =AY57-(J57-L57+N57-Q57) | BL57: =IF(AND(BK57>0,MIN($F57:$G57)<150,$E57="Enerji Açığı"),-100*BK57*1.03,IF(AND(BK57>0,MIN($F57:$G57)<150,$E57="Enerji Fazlası"),-100*BK57*1.06,IF(AND(BK57>0,MIN($F57:$G57)>=150,$E57="Enerji Açığı"),BK57*MIN($F57:$G57)*0.97,IF(AND(BK57>0,MIN($F57:$G57)>=150,$E57="Enerji Fazlası"),BK57*MIN($F57:$G57)*0.94,IF(AND(BK57<0,MAX($F57:$G57)=4500,$E57="Enerji Açığı"),4500*1.05*1.06*BK57,IF(AND(BK57<0,MAX($F57:$G57)=4500,$E57="Enerji Fazlası"),4500*1.05*1.03*BK57,IF(AND(BK57<0,$E57="Enerji Açığı"),MAX($F57,$G57,150)*BK57*1.06,IF(AND(BK57<0,$E57="Enerji Fazlası"),MAX($F57,$G57,150)*BK57*1.03,IF(AND(BK57<0,$E57="Dengede"),MAX($F57:$G57,150)*1.03*BK57,MIN($F57:$G57)*0.97*BK57))))))))) | BM57: =BE57-BI57-BN57 | BN57: =BB57 | BO57: =BE57-BI57 | BP57: =IF(AY57=0,0,BO57/AY57) | BQ57: =MAX((AY57+MAX((-J57+L57-N57+Q57),0)),(MAX((J57-L57+N57-Q57),0))) | BR57: =IFERROR(ABS(BK57/BQ57),0) | BS57: =IF(BR57<=0.1,0,BK57/BR57*(BR57-0.1)) | BT57: =IF((BS57)<0,MAX(F57:G57)*(BS57)*1.03,MIN(F57:G57)*(BS57)*0.97) | BU57: =IF(BR57>0.1,1,0) | BV57: =BF57+BG57+BH57+BY57-CA57 | BW57: =ABS(BX57) | BX57: =AY57-(J57-L57+N57-Q57+T57-X57) | BY57: =IF(AND(BX57>0,MIN($F57:$G57)<150,$E57="Enerji Açığı"),-100*BX57*1.03,IF(AND(BX57>0,MIN($F57:$G57)<150,$E57="Enerji Fazlası"),-100*BX57*1.06,IF(AND(BX57>0,MIN($F57:$G57)>=150,$E57="Enerji Açığı"),BX57*MIN($F57:$G57)*0.97,IF(AND(BX57>0,MIN($F57:$G57)>=150,$E57="Enerji Fazlası"),BX57*MIN($F57:$G57)*0.94,IF(AND(BX57<0,MAX($F57:$G57)=4500,$E57="Enerji Açığı"),4500*1.05*1.06*BX57,IF(AND(BX57<0,MAX($F57:$G57)=4500,$E57="Enerji Fazlası"),4500*1.05*1.03*BX57,IF(AND(BX57<0,$E57="Enerji Açığı"),MAX($F57,$G57,150)*BX57*1.06,IF(AND(BX57<0,$E57="Enerji Fazlası"),MAX($F57,$G57,150)*BX57*1.03,IF(AND(BX57<0,$E57="Dengede"),MAX($F57:$G57,150)*1.03*BX57,MIN($F57:$G57)*0.97*BX57))))))))) | BZ57: =BE57-BV57-CA57 | CA57: =BD57 | CB57: =BE57-BV57 | CC57: =IF(AY57=0,0,CB57/AY57) | CD57: =MAX((AY57+MAX((-J57+L57-N57+Q57-T57+X57),0)),(MAX((J57-L57+N57-Q57+T57-X57),0))) | CE57: =IFERROR(ABS(BX57/CD57),0) | CF57: =IF(CE57<=0.1,0,BX57/CE57*(CE57-0.1)) | CG57: =IF((CF57)<0,MAX(F57:G57)*(CF57)*1.03,MIN(F57:G57)*(CF57)*0.97) | CH57: =IF(CE57>0.1,1,0) | CI57: =(F57*BX57)-BY57 | CJ57: =IF(AY57=0,0,CI57/AY57)
A58: 46206.292 | B58: 07:00 | C58: =INT(A58) | D58: =MONTH(A58) | E58: Enerji Fazlası | F58: 1799.98 | G58: 1000 | H58: 38.64 | I58: 1207.98 | J58: 0 | K58: =F58*J58 | L58: 0 | M58: =L58*F58 | N58: 22.5 | O58: =F58 | P58: =N58*O58 | Q58: 0 | R58: =F58 | S58: =R58*Q58 | U58: =IFERROR(W58/T58,0) | V58: =IF(U58=0,0,U58-F58) | Y58: =IFERROR(AA58/X58,0) | Z58: =IF(Y58=0,0,F58-Y58) | AB58: 0 | AC58: 0 | AD58: =IF(AB58>AC58*1.05,AB58-AC58*1.05,IF(AB58<AC58*0.95,AC58*0.95-AB58,0)) | AE58: =MAX(F58,G58,750)*0.05*AD58 | AF58: 0 | AG58: =IF(AB58>AF58*1.05,AB58-AF58*1.05,IF(AB58<AF58*0.95,AF58*0.95-AB58,0)) | AH58: =MAX(I58,J58,750)*0.05*AG58 | AI58: 9.44 | AJ58: 9 | AK58: =IF(AI58>AJ58*1.05,AI58-AJ58*1.05,IF(AI58<AJ58*0.95,AJ58*0.95-AI58,0)) | AL58: =MAX(F58,G58,750)*0.05*AK58 | AM58: 9 | AN58: =IF(AI58>AM58*1.05,AI58-AM58*1.05,IF(AI58<AM58*0.95,AM58*0.95-AI58,0)) | AO58: =MAX(F58,G58,750)*0.05*AN58 | AP58: 13.33 | AQ58: 13.5 | AR58: =IF(AP58>AQ58*1.05,AP58-AQ58*1.05,IF(AP58<AQ58*0.95,AQ58*0.95-AP58,0)) | AS58: =MAX(F58:G58,750)*0.05*AR58 | AT58: 13.5 | AU58: =IF(AP58>AT58*1.05,AP58-AT58*1.05,IF(AP58<AT58*0.95,AT58*0.95-AP58,0)) | AV58: =MAX(F58:G58,750)*0.05*AU58 | AW58: =AC58+AJ58+AQ58 | AX58: =AF58+AM58+AT58 | AY58: =AB58+AI58+AP58 | AZ58: 0 | BA58: =AD58+AK58+AR58 | BB58: =MAX(F58:G58,750)*0.05*BA58 | BC58: =AG58+AN58+AU58 | BD58: =MAX(F58:G58,750)*0.05*BC58 | BE58: =F58*AY58 | BF58: =K58-M58 | BG58: =P58-S58 | BH58: =W58-AA58 | BI58: =BF58+BG58+BL58-BN58 | BJ58: =ABS(BK58) | BK58: =AY58-(J58-L58+N58-Q58) | BL58: =IF(AND(BK58>0,MIN($F58:$G58)<150,$E58="Enerji Açığı"),-100*BK58*1.03,IF(AND(BK58>0,MIN($F58:$G58)<150,$E58="Enerji Fazlası"),-100*BK58*1.06,IF(AND(BK58>0,MIN($F58:$G58)>=150,$E58="Enerji Açığı"),BK58*MIN($F58:$G58)*0.97,IF(AND(BK58>0,MIN($F58:$G58)>=150,$E58="Enerji Fazlası"),BK58*MIN($F58:$G58)*0.94,IF(AND(BK58<0,MAX($F58:$G58)=4500,$E58="Enerji Açığı"),4500*1.05*1.06*BK58,IF(AND(BK58<0,MAX($F58:$G58)=4500,$E58="Enerji Fazlası"),4500*1.05*1.03*BK58,IF(AND(BK58<0,$E58="Enerji Açığı"),MAX($F58,$G58,150)*BK58*1.06,IF(AND(BK58<0,$E58="Enerji Fazlası"),MAX($F58,$G58,150)*BK58*1.03,IF(AND(BK58<0,$E58="Dengede"),MAX($F58:$G58,150)*1.03*BK58,MIN($F58:$G58)*0.97*BK58))))))))) | BM58: =BE58-BI58-BN58 | BN58: =BB58 | BO58: =BE58-BI58 | BP58: =IF(AY58=0,0,BO58/AY58) | BQ58: =MAX((AY58+MAX((-J58+L58-N58+Q58),0)),(MAX((J58-L58+N58-Q58),0))) | BR58: =IFERROR(ABS(BK58/BQ58),0) | BS58: =IF(BR58<=0.1,0,BK58/BR58*(BR58-0.1)) | BT58: =IF((BS58)<0,MAX(F58:G58)*(BS58)*1.03,MIN(F58:G58)*(BS58)*0.97) | BU58: =IF(BR58>0.1,1,0) | BV58: =BF58+BG58+BH58+BY58-CA58 | BW58: =ABS(BX58) | BX58: =AY58-(J58-L58+N58-Q58+T58-X58) | BY58: =IF(AND(BX58>0,MIN($F58:$G58)<150,$E58="Enerji Açığı"),-100*BX58*1.03,IF(AND(BX58>0,MIN($F58:$G58)<150,$E58="Enerji Fazlası"),-100*BX58*1.06,IF(AND(BX58>0,MIN($F58:$G58)>=150,$E58="Enerji Açığı"),BX58*MIN($F58:$G58)*0.97,IF(AND(BX58>0,MIN($F58:$G58)>=150,$E58="Enerji Fazlası"),BX58*MIN($F58:$G58)*0.94,IF(AND(BX58<0,MAX($F58:$G58)=4500,$E58="Enerji Açığı"),4500*1.05*1.06*BX58,IF(AND(BX58<0,MAX($F58:$G58)=4500,$E58="Enerji Fazlası"),4500*1.05*1.03*BX58,IF(AND(BX58<0,$E58="Enerji Açığı"),MAX($F58,$G58,150)*BX58*1.06,IF(AND(BX58<0,$E58="Enerji Fazlası"),MAX($F58,$G58,150)*BX58*1.03,IF(AND(BX58<0,$E58="Dengede"),MAX($F58:$G58,150)*1.03*BX58,MIN($F58:$G58)*0.97*BX58))))))))) | BZ58: =BE58-BV58-CA58 | CA58: =BD58 | CB58: =BE58-BV58 | CC58: =IF(AY58=0,0,CB58/AY58) | CD58: =MAX((AY58+MAX((-J58+L58-N58+Q58-T58+X58),0)),(MAX((J58-L58+N58-Q58+T58-X58),0))) | CE58: =IFERROR(ABS(BX58/CD58),0) | CF58: =IF(CE58<=0.1,0,BX58/CE58*(CE58-0.1)) | CG58: =IF((CF58)<0,MAX(F58:G58)*(CF58)*1.03,MIN(F58:G58)*(CF58)*0.97) | CH58: =IF(CE58>0.1,1,0) | CI58: =(F58*BX58)-BY58 | CJ58: =IF(AY58=0,0,CI58/AY58)
